Workbook

Sheet คู่มือการใช้งาน
B1: คู่มือการใช้งานโปแกรมภาระงาน ใช้แทนโปรแกรม ตารางเวร
A3: 1 | B3: NN ผู้ป่วยแต่ละคน ICU,Sub-I= 12,อื่นๆ =4.5
A4: 2 | B4: สัดส่วนภาระงานตามเวรสามารถแก้ไขได้
A5: 3 | B5: ใส่จำนวนเจ้าหน้าที่ที่ปฏิบัติงานในเดือนนั้นๆโดยยกเว้นผู้ที่ลาคลอดหรือเรียนต่อที่ไม่มาทำงานทั้งเดือน
A6: 4 | B6: จำนวนวันราชการในเดือนนี้
A7: 5 | B7: ยอดผู้ป่วยให้ใช้ยอดคงพยาบาลปลายเวร
A8: 6 | B8: ประเภทผู้ป่วย ให้เอามาจากโปรแกรม ประเภทผู้ป่วยที่ลงทุกเวรอยู่แล้ว หลังจากเอางใน P4P แล้วเอามาลงที่นี่ด้วย
B9: ยอดผู้ป่วย กับ ยอดรวมแต่ละประเภท ต้องเท่ากัน

Sheet ต้นฉบับ
A1: การคิด FTEรายวัน
A2: หอผู้ป่วย…ทารกวิกฤต…...ประจำเดือน…ตุลาคม...........พ.ศ.....2567............
A3: NN ผู้ป่วยต่อคน | B3: 4.5 | C3: สัดส่วนตามเวร | E3: N | I3: D | M3: E | O3: ค่าเวร | Q3: =((F103+F105)*240)+((G103+G105)*180) -> 41760 | S3: บาท
E4: 0.25 | I4: 0.4 | M4: 0.35 | O4: ค่าOT | Q4: =((I103+L103+I104+L104+I105+L105)*660)+((J103+J105+J104)*530) -> 19140 | S4: บาท
A5: จำนวนพยาบาลมีจริงเดือนนี้ | C5: 13 | E5: คน | F5: จำนวนวันราชการเดือนนี้ | M5: 21 | N5: วัน
A6: จำนวนพยาบาลตามFTE | C6: =((C106*12)/(M5*7)+((D106*12)/(M5*7))) -> 35.07483 | E6: คน | F6: ขาดเกิน | I6: =C5-C6 -> -22.07483 | L6: คน | M6: product | N6: =((((C106*4.5)+(D106*12))/((F106+G106+H106+I106+J106+K106+L106)*7)))*100 -> 142.00627 | O6: product ตามประเภท | R6: =U106 -> 48.253471
A7: วันที่ | B7: เวร | C7: sick new born | D7: NICU | E7: FTE | F7: ขึ้นตามตารางเวร | L7: OT เสริม | M7: -ขาด/+เกิน | N7: product | O7: ประเภทผู้ป่วย | T7: รวม | U7: product ตามประเภท
F8: ไม่ใช่ OT | I8: OT | O8: 1 | P8: 2 | Q8: 3 | R8: 4 | S8: 5
F9: RN | G9: TN | H9: PN | I9: RN | J9: TN | K9: PN
A10: 1 | B10: N | C10: 10 | D10: 7 | E10: =((($B$3*C10)+(12*D10))*$E$4)/7 -> 4.6071429 | F10: 3 | G10: 0 | H10: 0 | M10: =(F10+G10+H10+L10)-E10 -> -1.6071429 | N10: =(((C10*4.5)+(12*D10))*$E$4)/((F10+G10+H10+I10+J10+K10+L10)*7)*100 -> 153.57143 | O10: 0 | P10: 0 | Q10: 9 | R10: 3 | S10: 5 | T10: =SUM(O10:S10) -> 17 | U10: =((((O10*1.5+(P10*3.5)+(Q10*5.5)+(R10*7.5)+(S10*12)))/3)/((F10+G10+H10+I10+J10+K10+L10)*7))*100 -> 209.52381 | V10: =C10+D10-T10 -> 0
B11: D | C11: 10 | D11: 8 | E11: =((($B$3*C11)+(12*D11))*$E$4)/7 -> 5.0357143 | F11: 4 | G11: 0 | H11: 0 | K11: 1 | M11: =(F11+G11+H11+L11)-E11 -> -1.0357143 | N11: =(((C11*4.5)+(12*D11))*$E$4)/((F11+G11+H11+I11+J11+K11+L11)*7)*100 -> 100.71429 | O11: 0 | P11: 0 | Q11: 10 | R11: 2 | S11: 6 | T11: =SUM(O11:S11) -> 18 | U11: =((((O11*1.5+(P11*3.5)+(Q11*5.5)+(R11*7.5)+(S11*12)))/3)/((F11+G11+H11+I11+J11+K11+L11)*7))*100 -> 135.2381 | V11: =C11+D11-T11 -> 0
B12: E | C12: 10 | D12: 8 | E12: =((($B$3*C12)+(12*D12))*$E$4)/7 -> 5.0357143 | F12: 3 | G12: 0 | H12: 0 | M12: =(F12+G12+H12+L12)-E12 -> -2.0357143 | N12: =(((C12*4.5)+(12*D12))*$E$4)/((F12+G12+H12+I12+J12+K12+L12)*7)*100 -> 167.85714 | O12: 0 | P12: 0 | Q12: 9 | R12: 3 | S12: 6 | T12: =SUM(O12:S12) -> 18 | U12: =((((O12*1.5+(P12*3.5)+(Q12*5.5)+(R12*7.5)+(S12*12)))/3)/((F12+G12+H12+I12+J12+K12+L12)*7))*100 -> 228.57143 | V12: =C12+D12-T12 -> 0
A13: 2 | B13: N | C13: 10 | D13: 8 | E13: =((($B$3*C13)+(12*D13))*$E$4)/7 -> 5.0357143 | F13: 3 | G13: 0 | H13: 0 | M13: =(F13+G13+H13+L13)-E13 -> -2.0357143 | N13: =(((C13*4.5)+(12*D13))*$E$4)/((F13+G13+H13+I13+J13+K13+L13)*7)*100 -> 167.85714 | O13: 0 | P13: 0 | Q13: 9 | R13: 3 | S13: 6 | T13: =SUM(O13:S13) -> 18 | U13: =((((O13*1.5+(P13*3.5)+(Q13*5.5)+(R13*7.5)+(S13*12)))/3)/((F13+G13+H13+I13+J13+K13+L13)*7))*100 -> 228.57143 | V13: =C13+D13-T13 -> 0
B14: D | C14: 10 | D14: 8 | E14: =((($B$3*C14)+(12*D14))*$E$4)/7 -> 5.0357143 | F14: 2 | G14: 0 | H14: 1 | I14: 1 | M14: =(F14+G14+H14+L14)-E14 -> -2.0357143 | N14: =(((C14*4.5)+(12*D14))*$E$4)/((F14+G14+H14+I14+J14+K14+L14)*7)*100 -> 125.89286 | O14: 0 | P14: 1 | Q14: 9 | R14: 3 | S14: 6 | T14: =SUM(O14:S14) -> 19 | U14: =((((O14*1.5+(P14*3.5)+(Q14*5.5)+(R14*7.5)+(S14*12)))/3)/((F14+G14+H14+I14+J14+K14+L14)*7))*100 -> 175.59524 | V14: =C14+D14-T14 -> -1
B15: E | C15: 11 | D15: 9 | E15: =((($B$3*C15)+(12*D15))*$E$4)/7 -> 5.625 | F15: 3 | G15: 0 | H15: 1 | M15: =(F15+G15+H15+L15)-E15 -> -1.625 | N15: =(((C15*4.5)+(12*D15))*$E$4)/((F15+G15+H15+I15+J15+K15+L15)*7)*100 -> 140.625 | O15: 0 | P15: 0 | Q15: 11 | R15: 3 | S15: 6 | T15: =SUM(O15:S15) -> 20 | U15: =((((O15*1.5+(P15*3.5)+(Q15*5.5)+(R15*7.5)+(S15*12)))/3)/((F15+G15+H15+I15+J15+K15+L15)*7))*100 -> 184.52381 | V15: =C15+D15-T15 -> 0
A16: 3 | B16: N | C16: 12 | D16: 8 | E16: =((($B$3*C16)+(12*D16))*$E$4)/7 -> 5.3571429 | F16: 2 | G16: 0 | H16: 0 | I16: 1 | M16: =(F16+G16+H16+L16)-E16 -> -3.3571429 | N16: =(((C16*4.5)+(12*D16))*$E$4)/((F16+G16+H16+I16+J16+K16+L16)*7)*100 -> 178.57143 | O16: 0 | P16: 0 | Q16: 9 | R16: 4 | S16: 7 | T16: =SUM(O16:S16) -> 20 | U16: =((((O16*1.5+(P16*3.5)+(Q16*5.5)+(R16*7.5)+(S16*12)))/3)/((F16+G16+H16+I16+J16+K16+L16)*7))*100 -> 259.52381 | V16: =C16+D16-T16 -> 0
B17: D | C17: 13 | D17: 8 | E17: =((($B$3*C17)+(12*D17))*$E$4)/7 -> 5.5178571 | F17: 4 | G17: 0 | K17: 1 | M17: =(F17+G17+H17+L17)-E17 -> -1.5178571 | N17: =(((C17*4.5)+(12*D17))*$E$4)/((F17+G17+H17+I17+J17+K17+L17)*7)*100 -> 110.35714 | O17: 0 | P17: 2 | Q17: 7 | R17: 4 | S17: 8 | T17: =SUM(O17:S17) -> 21 | U17: =((((O17*1.5+(P17*3.5)+(Q17*5.5)+(R17*7.5)+(S17*12)))/3)/((F17+G17+H17+I17+J17+K17+L17)*7))*100 -> 163.33333 | V17: =C17+D17-T17 -> 0
B18: E | C18: 12 | D18: 8 | E18: =((($B$3*C18)+(12*D18))*$E$4)/7 -> 5.3571429 | F18: 3 | G18: 0 | H18: 1 | M18: =(F18+G18+H18+L18)-E18 -> -1.3571429 | N18: =(((C18*4.5)+(12*D18))*$E$4)/((F18+G18+H18+I18+J18+K18+L18)*7)*100 -> 133.92857 | O18: 0 | P18: 0 | Q18: 9 | R18: 3 | S18: 8 | T18: =SUM(O18:S18) -> 20 | U18: =((((O18*1.5+(P18*3.5)+(Q18*5.5)+(R18*7.5)+(S18*12)))/3)/((F18+G18+H18+I18+J18+K18+L18)*7))*100 -> 200 | V18: =C18+D18-T18 -> 0
A19: 4 | B19: N | C19: 12 | D19: 8 | E19: =((($B$3*C19)+(12*D19))*$E$4)/7 -> 5.3571429 | F19: 2 | G19: 0 | H19: 0 | L19: 1 | M19: =(F19+G19+H19+L19)-E19 -> -2.3571429 | N19: =(((C19*4.5)+(12*D19))*$E$4)/((F19+G19+H19+I19+J19+K19+L19)*7)*100 -> 178.57143 | O19: 0 | P19: 0 | Q19: 9 | R19: 3 | S19: 8 | T19: =SUM(O19:S19) -> 20 | U19: =((((O19*1.5+(P19*3.5)+(Q19*5.5)+(R19*7.5)+(S19*12)))/3)/((F19+G19+H19+I19+J19+K19+L19)*7))*100 -> 266.66667 | V19: =C19+D19-T19 -> 0
B20: D | C20: 12 | D20: 8 | E20: =((($B$3*C20)+(12*D20))*$E$4)/7 -> 5.3571429 | F20: 3 | G20: 0 | H20: 1 | I20: 1 | M20: =(F20+G20+H20+L20)-E20 -> -1.3571429 | N20: =(((C20*4.5)+(12*D20))*$E$4)/((F20+G20+H20+I20+J20+K20+L20)*7)*100 -> 107.14286 | O20: 0 | P20: 0 | Q20: 9 | R20: 3 | S20: 8 | T20: =SUM(O20:S20) -> 20 | U20: =((((O20*1.5+(P20*3.5)+(Q20*5.5)+(R20*7.5)+(S20*12)))/3)/((F20+G20+H20+I20+J20+K20+L20)*7))*100 -> 160 | V20: =C20+D20-T20 -> 0
B21: E | C21: 11 | D21: 8 | E21: =((($B$3*C21)+(12*D21))*$E$4)/7 -> 5.1964286 | F21: 3 | G21: 0 | H21: 0 | K21: 1 | M21: =(F21+G21+H21+L21)-E21 -> -2.1964286 | N21: =(((C21*4.5)+(12*D21))*$E$4)/((F21+G21+H21+I21+J21+K21+L21)*7)*100 -> 129.91071 | O21: 0 | P21: 0 | Q21: 13 | R21: 2 | S21: 4 | T21: =SUM(O21:S21) -> 19 | U21: =((((O21*1.5+(P21*3.5)+(Q21*5.5)+(R21*7.5)+(S21*12)))/3)/((F21+G21+H21+I21+J21+K21+L21)*7))*100 -> 160.11905 | V21: =C21+D21-T21 -> 0
A22: 5 | B22: N | C22: 11 | D22: 8 | E22: =((($B$3*C22)+(12*D22))*$E$4)/7 -> 5.1964286 | F22: 2 | G22: 0 | H22: 0 | L22: 1 | M22: =(F22+G22+H22+L22)-E22 -> -2.1964286 | N22: =(((C22*4.5)+(12*D22))*$E$4)/((F22+G22+H22+I22+J22+K22+L22)*7)*100 -> 173.21429 | O22: 0 | P22: 0 | Q22: 12 | R22: 3 | S22: 4 | T22: =SUM(O22:S22) -> 19 | U22: =((((O22*1.5+(P22*3.5)+(Q22*5.5)+(R22*7.5)+(S22*12)))/3)/((F22+G22+H22+I22+J22+K22+L22)*7))*100 -> 216.66667 | V22: =C22+D22-T22 -> 0
B23: D | C23: 13 | D23: 8 | E23: =((($B$3*C23)+(12*D23))*$E$4)/7 -> 5.5178571 | F23: 2 | G23: 0 | H23: 1 | I23: 1 | K23: 1 | M23: =(F23+G23+H23+L23)-E23 -> -2.5178571 | N23: =(((C23*4.5)+(12*D23))*$E$4)/((F23+G23+H23+I23+J23+K23+L23)*7)*100 -> 110.35714 | O23: 0 | P23: 3 | Q23: 11 | R23: 3 | S23: 4 | T23: =SUM(O23:S23) -> 21 | U23: =((((O23*1.5+(P23*3.5)+(Q23*5.5)+(R23*7.5)+(S23*12)))/3)/((F23+G23+H23+I23+J23+K23+L23)*7))*100 -> 134.7619 | V23: =C23+D23-T23 -> 0
B24: E | C24: 12 | D24: 7 | E24: =((($B$3*C24)+(12*D24))*$E$4)/7 -> 4.9285714 | F24: 3 | G24: 0 | H24: 1 | M24: =(F24+G24+H24+L24)-E24 -> -0.92857143 | N24: =(((C24*4.5)+(12*D24))*$E$4)/((F24+G24+H24+I24+J24+K24+L24)*7)*100 -> 123.21429 | O24: 0 | P24: 0 | Q24: 13 | R24: 2 | S24: 4 | T24: =SUM(O24:S24) -> 19 | U24: =((((O24*1.5+(P24*3.5)+(Q24*5.5)+(R24*7.5)+(S24*12)))/3)/((F24+G24+H24+I24+J24+K24+L24)*7))*100 -> 160.11905 | V24: =C24+D24-T24 -> 0
A25: 6 | B25: N | C25: 11 | D25: 7 | E25: =((($B$3*C25)+(12*D25))*$E$4)/7 -> 4.7678571 | F25: 3 | G25: 0 | H25: 0 | M25: =(F25+G25+H25+L25)-E25 -> -1.7678571 | N25: =(((C25*4.5)+(12*D25))*$E$4)/((F25+G25+H25+I25+J25+K25+L25)*7)*100 -> 158.92857 | O25: 0 | P25: 0 | Q25: 13 | R25: 1 | S25: 4 | T25: =SUM(O25:S25) -> 18 | U25: =((((O25*1.5+(P25*3.5)+(Q25*5.5)+(R25*7.5)+(S25*12)))/3)/((F25+G25+H25+I25+J25+K25+L25)*7))*100 -> 201.5873 | V25: =C25+D25-T25 -> 0
B26: D | C26: 11 | D26: 7 | E26: =((($B$3*C26)+(12*D26))*$E$4)/7 -> 4.7678571 | F26: 3 | G26: 0 | K26: 1 | M26: =(F26+G26+H26+L26)-E26 -> -1.7678571 | N26: =(((C26*4.5)+(12*D26))*$E$4)/((F26+G26+H26+I26+J26+K26+L26)*7)*100 -> 119.19643 | O26: 0 | P26: 2 | Q26: 11 | R26: 1 | S26: 4 | T26: =SUM(O26:S26) -> 18 | U26: =((((O26*1.5+(P26*3.5)+(Q26*5.5)+(R26*7.5)+(S26*12)))/3)/((F26+G26+H26+I26+J26+K26+L26)*7))*100 -> 146.42857 | V26: =C26+D26-T26 -> 0
B27: E | C27: 10 | D27: 6 | E27: =((($B$3*C27)+(12*D27))*$E$4)/7 -> 4.1785714 | F27: 3 | G27: 0 | H27: 1 | K27: 1 | M27: =(F27+G27+H27+L27)-E27 -> -0.17857143 | N27: =(((C27*4.5)+(12*D27))*$E$4)/((F27+G27+H27+I27+J27+K27+L27)*7)*100 -> 83.571429 | O27: 0 | P27: 0 | Q27: 12 | R27: 1 | S27: 3 | T27: =SUM(O27:S27) -> 16 | U27: =((((O27*1.5+(P27*3.5)+(Q27*5.5)+(R27*7.5)+(S27*12)))/3)/((F27+G27+H27+I27+J27+K27+L27)*7))*100 -> 104.28571 | V27: =C27+D27-T27 -> 0
A28: 7 | B28: N | C28: 9 | D28: 6 | E28: =((($B$3*C28)+(12*D28))*$E$4)/7 -> 4.0178571 | F28: 3 | G28: 0 | H28: 1 | M28: =(F28+G28+H28+L28)-E28 -> -0.017857143 | N28: =(((C28*4.5)+(12*D28))*$E$4)/((F28+G28+H28+I28+J28+K28+L28)*7)*100 -> 100.44643 | O28: 0 | P28: 0 | Q28: 11 | R28: 1 | S28: 3 | T28: =SUM(O28:S28) -> 15 | U28: =((((O28*1.5+(P28*3.5)+(Q28*5.5)+(R28*7.5)+(S28*12)))/3)/((F28+G28+H28+I28+J28+K28+L28)*7))*100 -> 123.80952 | V28: =C28+D28-T28 -> 0
B29: D | C29: 11 | D29: 5 | E29: =((($B$3*C29)+(12*D29))*$E$4)/7 -> 3.9107143 | F29: 4 | G29: 0 | H29: 1 | M29: =(F29+G29+H29+L29)-E29 -> 1.0892857 | N29: =(((C29*4.5)+(12*D29))*$E$4)/((F29+G29+H29+I29+J29+K29+L29)*7)*100 -> 78.214286 | O29: 0 | P29: 2 | Q29: 10 | R29: 0 | S29: 4 | T29: =SUM(O29:S29) -> 16 | U29: =((((O29*1.5+(P29*3.5)+(Q29*5.5)+(R29*7.5)+(S29*12)))/3)/((F29+G29+H29+I29+J29+K29+L29)*7))*100 -> 104.7619 | V29: =C29+D29-T29 -> 0
B30: E | C30: 10 | D30: 5 | E30: =((($B$3*C30)+(12*D30))*$E$4)/7 -> 3.75 | F30: 1 | G30: 0 | H30: 0 | I30: 1 | L30: 1 | M30: =(F30+G30+H30+L30)-E30 -> -1.75 | N30: =(((C30*4.5)+(12*D30))*$E$4)/((F30+G30+H30+I30+J30+K30+L30)*7)*100 -> 125 | O30: 0 | P30: 0 | Q30: 11 | R30: 1 | S30: 3 | T30: =SUM(O30:S30) -> 15 | U30: =((((O30*1.5+(P30*3.5)+(Q30*5.5)+(R30*7.5)+(S30*12)))/3)/((F30+G30+H30+I30+J30+K30+L30)*7))*100 -> 165.07937 | V30: =C30+D30-T30 -> 0
A31: 8 | B31: N | C31: 10 | D31: 7 | E31: =((($B$3*C31)+(12*D31))*$E$4)/7 -> 4.6071429 | F31: 3 | G31: 0 | H31: 0 | M31: =(F31+G31+H31+L31)-E31 -> -1.6071429 | N31: =(((C31*4.5)+(12*D31))*$E$4)/((F31+G31+H31+I31+J31+K31+L31)*7)*100 -> 153.57143 | O31: 0 | P31: 0 | Q31: 11 | R31: 1 | S31: 5 | T31: =SUM(O31:S31) -> 17 | U31: =((((O31*1.5+(P31*3.5)+(Q31*5.5)+(R31*7.5)+(S31*12)))/3)/((F31+G31+H31+I31+J31+K31+L31)*7))*100 -> 203.1746 | V31: =C31+D31-T31 -> 0
B32: D | C32: 10 | D32: 6 | E32: =((($B$3*C32)+(12*D32))*$E$4)/7 -> 4.1785714 | F32: 3 | G32: 0 | H32: 0 | I32: 0 | J32: 0 | K32: 0 | M32: =(F32+G32+H32+L32)-E32 -> -1.1785714 | N32: =(((C32*4.5)+(12*D32))*$E$4)/((F32+G32+H32+I32+J32+K32+L32)*7)*100 -> 139.28571 | O32: 0 | P32: 2 | Q32: 8 | R32: 1 | S32: 5 | T32: =SUM(O32:S32) -> 16 | U32: =((((O32*1.5+(P32*3.5)+(Q32*5.5)+(R32*7.5)+(S32*12)))/3)/((F32+G32+H32+I32+J32+K32+L32)*7))*100 -> 188.09524 | V32: =C32+D32-T32 -> 0
B33: E | C33: 11 | D33: 6 | E33: =((($B$3*C33)+(12*D33))*$E$4)/7 -> 4.3392857 | F33: 3 | G33: 0 | H33: 0 | I33: 0 | J33: 0 | K33: 0 | L33: 0 | M33: =(F33+G33+H33+L33)-E33 -> -1.3392857 | N33: =(((C33*4.5)+(12*D33))*$E$4)/((F33+G33+H33+I33+J33+K33+L33)*7)*100 -> 144.64286 | O33: 0 | P33: 0 | Q33: 10 | R33: 2 | S33: 5 | T33: =SUM(O33:S33) -> 17 | U33: =((((O33*1.5+(P33*3.5)+(Q33*5.5)+(R33*7.5)+(S33*12)))/3)/((F33+G33+H33+I33+J33+K33+L33)*7))*100 -> 206.34921 | V33: =C33+D33-T33 -> 0
A34: 9 | B34: N | C34: 12 | D34: 6 | E34: =((($B$3*C34)+(12*D34))*$E$4)/7 -> 4.5 | F34: 3 | G34: 0 | H34: 0 | I34: 0 | J34: 0 | K34: 0 | L34: 0 | M34: =(F34+G34+H34+L34)-E34 -> -1.5 | N34: =(((C34*4.5)+(12*D34))*$E$4)/((F34+G34+H34+I34+J34+K34+L34)*7)*100 -> 150 | O34: 0 | P34: 0 | Q34: 10 | R34: 3 | S34: 5 | T34: =SUM(O34:S34) -> 18 | U34: =((((O34*1.5+(P34*3.5)+(Q34*5.5)+(R34*7.5)+(S34*12)))/3)/((F34+G34+H34+I34+J34+K34+L34)*7))*100 -> 218.25397 | V34: =C34+D34-T34 -> 0
B35: D | C35: 12 | D35: 6 | E35: =((($B$3*C35)+(12*D35))*$E$4)/7 -> 4.5 | F35: 4 | G35: 0 | H35: 0 | I35: 0 | J35: 0 | K35: 0 | L35: 0 | M35: =(F35+G35+H35+L35)-E35 -> -0.5 | N35: =(((C35*4.5)+(12*D35))*$E$4)/((F35+G35+H35+I35+J35+K35+L35)*7)*100 -> 112.5 | O35: 0 | P35: 2 | Q35: 9 | R35: 2 | S35: 5 | T35: =SUM(O35:S35) -> 18 | U35: =((((O35*1.5+(P35*3.5)+(Q35*5.5)+(R35*7.5)+(S35*12)))/3)/((F35+G35+H35+I35+J35+K35+L35)*7))*100 -> 156.54762 | V35: =C35+D35-T35 -> 0
B36: E | C36: 11 | D36: 6 | E36: =((($B$3*C36)+(12*D36))*$E$4)/7 -> 4.3392857 | F36: 3 | G36: 0 | H36: 0 | I36: 0 | J36: 0 | K36: 0 | L36: 0 | M36: =(F36+G36+H36+L36)-E36 -> -1.3392857 | N36: =(((C36*4.5)+(12*D36))*$E$4)/((F36+G36+H36+I36+J36+K36+L36)*7)*100 -> 144.64286 | O36: 0 | P36: 0 | Q36: 10 | R36: 2 | S36: 5 | T36: =SUM(O36:S36) -> 17 | U36: =((((O36*1.5+(P36*3.5)+(Q36*5.5)+(R36*7.5)+(S36*12)))/3)/((F36+G36+H36+I36+J36+K36+L36)*7))*100 -> 206.34921 | V36: =C36+D36-T36 -> 0
A37: 10 | B37: N | C37: 11 | D37: 6 | E37: =((($B$3*C37)+(12*D37))*$E$4)/7 -> 4.3392857 | F37: 3 | G37: 0 | H37: 0 | I37: 0 | J37: 0 | K37: 0 | L37: 0 | M37: =(F37+G37+H37+L37)-E37 -> -1.3392857 | N37: =(((C37*4.5)+(12*D37))*$E$4)/((F37+G37+H37+I37+J37+K37+L37)*7)*100 -> 144.64286 | O37: 0 | P37: 0 | Q37: 10 | R37: 2 | S37: 5 | T37: =SUM(O37:S37) -> 17 | U37: =((((O37*1.5+(P37*3.5)+(Q37*5.5)+(R37*7.5)+(S37*12)))/3)/((F37+G37+H37+I37+J37+K37+L37)*7))*100 -> 206.34921 | V37: =C37+D37-T37 -> 0
B38: D | C38: 11 | D38: 6 | E38: =((($B$3*C38)+(12*D38))*$E$4)/7 -> 4.3392857 | F38: 2 | G38: 0 | H38: 0 | I38: 2 | J38: 0 | K38: 0 | L38: 0 | M38: =(F38+G38+H38+L38)-E38 -> -2.3392857 | N38: =(((C38*4.5)+(12*D38))*$E$4)/((F38+G38+H38+I38+J38+K38+L38)*7)*100 -> 108.48214 | O38: 0 | P38: 1 | Q38: 9 | R38: 2 | S38: 5 | T38: =SUM(O38:S38) -> 17 | U38: =((((O38*1.5+(P38*3.5)+(Q38*5.5)+(R38*7.5)+(S38*12)))/3)/((F38+G38+H38+I38+J38+K38+L38)*7))*100 -> 152.38095 | V38: =C38+D38-T38 -> 0
B39: E | C39: 10 | D39: 6 | E39: =((($B$3*C39)+(12*D39))*$E$4)/7 -> 4.1785714 | F39: 3 | G39: 0 | H39: 1 | I39: 0 | J39: 0 | K39: 0 | L39: 0 | M39: =(F39+G39+H39+L39)-E39 -> -0.17857143 | N39: =(((C39*4.5)+(12*D39))*$E$4)/((F39+G39+H39+I39+J39+K39+L39)*7)*100 -> 104.46429 | O39: 0 | P39: 0 | Q39: 11 | R39: 2 | S39: 3 | T39: =SUM(O39:S39) -> 16 | U39: =((((O39*1.5+(P39*3.5)+(Q39*5.5)+(R39*7.5)+(S39*12)))/3)/((F39+G39+H39+I39+J39+K39+L39)*7))*100 -> 132.7381 | V39: =C39+D39-T39 -> 0
A40: 11 | B40: N | C40: 11 | D40: 6 | E40: =((($B$3*C40)+(12*D40))*$E$4)/7 -> 4.3392857 | F40: 3 | G40: 0 | H40: 0 | I40: 0 | J40: 0 | K40: 0 | L40: 0 | M40: =(F40+G40+H40+L40)-E40 -> -1.3392857 | N40: =(((C40*4.5)+(12*D40))*$E$4)/((F40+G40+H40+I40+J40+K40+L40)*7)*100 -> 144.64286 | O40: 0 | P40: 0 | Q40: 12 | R40: 2 | S40: 3 | T40: =SUM(O40:S40) -> 17 | U40: =((((O40*1.5+(P40*3.5)+(Q40*5.5)+(R40*7.5)+(S40*12)))/3)/((F40+G40+H40+I40+J40+K40+L40)*7))*100 -> 185.71429 | V40: =C40+D40-T40 -> 0
B41: D | C41: 12 | D41: 6 | E41: =((($B$3*C41)+(12*D41))*$E$4)/7 -> 4.5 | F41: 3 | G41: 0 | H41: 0 | I41: 1 | J41: 0 | K41: 1 | L41: 0 | M41: =(F41+G41+H41+L41)-E41 -> -1.5 | N41: =(((C41*4.5)+(12*D41))*$E$4)/((F41+G41+H41+I41+J41+K41+L41)*7)*100 -> 90 | O41: 0 | P41: 1 | Q41: 13 | R41: 1 | S41: 3 | T41: =SUM(O41:S41) -> 18 | U41: =((((O41*1.5+(P41*3.5)+(Q41*5.5)+(R41*7.5)+(S41*12)))/3)/((F41+G41+H41+I41+J41+K41+L41)*7))*100 -> 112.85714 | V41: =C41+D41-T41 -> 0
B42: E | C42: 14 | D42: 3 | E42: =((($B$3*C42)+(12*D42))*$E$4)/7 -> 3.5357143 | F42: 3 | G42: 0 | H42: 0 | I42: 0 | J42: 0 | K42: 1 | L42: 0 | M42: =(F42+G42+H42+L42)-E42 -> -0.53571429 | N42: =(((C42*4.5)+(12*D42))*$E$4)/((F42+G42+H42+I42+J42+K42+L42)*7)*100 -> 88.392857 | O42: 0 | P42: 0 | Q42: 13 | R42: 1 | S42: 3 | T42: =SUM(O42:S42) -> 17 | U42: =((((O42*1.5+(P42*3.5)+(Q42*5.5)+(R42*7.5)+(S42*12)))/3)/((F42+G42+H42+I42+J42+K42+L42)*7))*100 -> 136.90476 | V42: =C42+D42-T42 -> 0
A43: 12 | B43: N | C43: 12 | D43: 3 | E43: =((($B$3*C43)+(12*D43))*$E$4)/7 -> 3.2142857 | F43: 3 | G43: 0 | H43: 0 | I43: 0 | J43: 0 | K43: 0 | L43: 0 | M43: =(F43+G43+H43+L43)-E43 -> -0.21428571 | N43: =(((C43*4.5)+(12*D43))*$E$4)/((F43+G43+H43+I43+J43+K43+L43)*7)*100 -> 107.14286 | O43: 0 | P43: 0 | Q43: 11 | R43: 1 | S43: 3 | T43: =SUM(O43:S43) -> 15 | U43: =((((O43*1.5+(P43*3.5)+(Q43*5.5)+(R43*7.5)+(S43*12)))/3)/((F43+G43+H43+I43+J43+K43+L43)*7))*100 -> 165.07937 | V43: =C43+D43-T43 -> 0
B44: D | C44: 14 | D44: 3 | E44: =((($B$3*C44)+(12*D44))*$E$4)/7 -> 3.5357143 | F44: 3 | G44: 0 | H44: 0 | I44: 0 | J44: 0 | K44: 0 | L44: 0 | M44: =(F44+G44+H44+L44)-E44 -> -0.53571429 | N44: =(((C44*4.5)+(12*D44))*$E$4)/((F44+G44+H44+I44+J44+K44+L44)*7)*100 -> 117.85714 | O44: 0 | P44: 3 | Q44: 11 | R44: 0 | S44: 3 | T44: =SUM(O44:S44) -> 17 | U44: =((((O44*1.5+(P44*3.5)+(Q44*5.5)+(R44*7.5)+(S44*12)))/3)/((F44+G44+H44+I44+J44+K44+L44)*7))*100 -> 169.84127 | V44: =C44+D44-T44 -> 0
B45: E | C45: 10 | D45: 4 | E45: =((($B$3*C45)+(12*D45))*$E$4)/7 -> 3.3214286 | F45: 3 | G45: 0 | H45: 0 | I45: 0 | J45: 0 | K45: 0 | L45: 0 | M45: =(F45+G45+H45+L45)-E45 -> -0.32142857 | N45: =(((C45*4.5)+(12*D45))*$E$4)/((F45+G45+H45+I45+J45+K45+L45)*7)*100 -> 110.71429 | O45: 0 | P45: 0 | Q45: 10 | R45: 0 | S45: 4 | T45: =SUM(O45:S45) -> 14 | U45: =((((O45*1.5+(P45*3.5)+(Q45*5.5)+(R45*7.5)+(S45*12)))/3)/((F45+G45+H45+I45+J45+K45+L45)*7))*100 -> 163.49206 | V45: =C45+D45-T45 -> 0
A46: 13 | B46: N | C46: 11 | D46: 4 | E46: =((($B$3*C46)+(12*D46))*$E$4)/7 -> 3.4821429 | F46: 3 | G46: 0 | H46: 0 | I46: 0 | J46: 0 | K46: 0 | L46: 0 | M46: =(F46+G46+H46+L46)-E46 -> -0.48214286 | N46: =(((C46*4.5)+(12*D46))*$E$4)/((F46+G46+H46+I46+J46+K46+L46)*7)*100 -> 116.07143 | O46: 0 | P46: 0 | Q46: 11 | R46: 0 | S46: 4 | T46: =SUM(O46:S46) -> 15 | U46: =((((O46*1.5+(P46*3.5)+(Q46*5.5)+(R46*7.5)+(S46*12)))/3)/((F46+G46+H46+I46+J46+K46+L46)*7))*100 -> 172.22222 | V46: =C46+D46-T46 -> 0
B47: D | C47: 11 | D47: 4 | E47: =((($B$3*C47)+(12*D47))*$E$4)/7 -> 3.4821429 | F47: 3 | G47: 0 | H47: 0 | I47: 0 | J47: 0 | K47: 1 | L47: 0 | M47: =(F47+G47+H47+L47)-E47 -> -0.48214286 | N47: =(((C47*4.5)+(12*D47))*$E$4)/((F47+G47+H47+I47+J47+K47+L47)*7)*100 -> 87.053571 | O47: 0 | P47: 1 | Q47: 10 | R47: 0 | S47: 4 | T47: =SUM(O47:S47) -> 15 | U47: =((((O47*1.5+(P47*3.5)+(Q47*5.5)+(R47*7.5)+(S47*12)))/3)/((F47+G47+H47+I47+J47+K47+L47)*7))*100 -> 126.78571 | V47: =C47+D47-T47 -> 0
B48: E | C48: 9 | D48: 4 | E48: =((($B$3*C48)+(12*D48))*$E$4)/7 -> 3.1607143 | F48: 3 | G48: 0 | H48: 0 | I48: 0 | J48: 0 | K48: 0 | L48: 0 | M48: =(F48+G48+H48+L48)-E48 -> -0.16071429 | N48: =(((C48*4.5)+(12*D48))*$E$4)/((F48+G48+H48+I48+J48+K48+L48)*7)*100 -> 105.35714 | O48: 0 | P48: 0 | Q48: 9 | R48: 0 | S48: 4 | T48: =SUM(O48:S48) -> 13 | U48: =((((O48*1.5+(P48*3.5)+(Q48*5.5)+(R48*7.5)+(S48*12)))/3)/((F48+G48+H48+I48+J48+K48+L48)*7))*100 -> 154.7619 | V48: =C48+D48-T48 -> 0
A49: 14 | B49: N | C49: 9 | D49: 4 | E49: =((($B$3*C49)+(12*D49))*$E$4)/7 -> 3.1607143 | F49: 2 | G49: 0 | H49: 0 | I49: 1 | J49: 0 | K49: 0 | L49: 0 | M49: =(F49+G49+H49+L49)-E49 -> -1.1607143 | N49: =(((C49*4.5)+(12*D49))*$E$4)/((F49+G49+H49+I49+J49+K49+L49)*7)*100 -> 105.35714 | O49: 0 | P49: 0 | Q49: 9 | R49: 0 | S49: 4 | T49: =SUM(O49:S49) -> 13 | U49: =((((O49*1.5+(P49*3.5)+(Q49*5.5)+(R49*7.5)+(S49*12)))/3)/((F49+G49+H49+I49+J49+K49+L49)*7))*100 -> 154.7619 | V49: =C49+D49-T49 -> 0
B50: D | C50: 10 | D50: 4 | E50: =((($B$3*C50)+(12*D50))*$E$4)/7 -> 3.3214286 | F50: 3 | G50: 0 | H50: 0 | I50: 0 | J50: 0 | K50: 0 | L50: 0 | M50: =(F50+G50+H50+L50)-E50 -> -0.32142857 | N50: =(((C50*4.5)+(12*D50))*$E$4)/((F50+G50+H50+I50+J50+K50+L50)*7)*100 -> 110.71429 | O50: 0 | P50: 0 | Q50: 9 | R50: 1 | S50: 4 | T50: =SUM(O50:S50) -> 14 | U50: =((((O50*1.5+(P50*3.5)+(Q50*5.5)+(R50*7.5)+(S50*12)))/3)/((F50+G50+H50+I50+J50+K50+L50)*7))*100 -> 166.66667 | V50: =C50+D50-T50 -> 0
B51: E | C51: 10 | D51: 4 | E51: =((($B$3*C51)+(12*D51))*$E$4)/7 -> 3.3214286 | F51: 3 | G51: 0 | H51: 0 | I51: 0 | J51: 0 | K51: 0 | L51: 0 | M51: =(F51+G51+H51+L51)-E51 -> -0.32142857 | N51: =(((C51*4.5)+(12*D51))*$E$4)/((F51+G51+H51+I51+J51+K51+L51)*7)*100 -> 110.71429 | O51: 0 | P51: 0 | Q51: 9 | R51: 1 | S51: 4 | T51: =SUM(O51:S51) -> 14 | U51: =((((O51*1.5+(P51*3.5)+(Q51*5.5)+(R51*7.5)+(S51*12)))/3)/((F51+G51+H51+I51+J51+K51+L51)*7))*100 -> 166.66667 | V51: =C51+D51-T51 -> 0
A52: 15 | B52: N | C52: 10 | D52: 4 | E52: =((($B$3*C52)+(12*D52))*$E$4)/7 -> 3.3214286 | F52: 3 | G52: 0 | H52: 0 | I52: 0 | J52: 0 | K52: 0 | L52: 0 | M52: =(F52+G52+H52+L52)-E52 -> -0.32142857 | N52: =(((C52*4.5)+(12*D52))*$E$4)/((F52+G52+H52+I52+J52+K52+L52)*7)*100 -> 110.71429 | O52: 0 | P52: 0 | Q52: 9 | R52: 1 | S52: 4 | T52: =SUM(O52:S52) -> 14 | U52: =((((O52*1.5+(P52*3.5)+(Q52*5.5)+(R52*7.5)+(S52*12)))/3)/((F52+G52+H52+I52+J52+K52+L52)*7))*100 -> 166.66667 | V52: =C52+D52-T52 -> 0
B53: D | C53: 9 | D53: 4 | E53: =((($B$3*C53)+(12*D53))*$E$4)/7 -> 3.1607143 | F53: 3 | G53: 0 | H53: 0 | I53: 1 | J53: 0 | K53: 1 | L53: 0 | M53: =(F53+G53+H53+L53)-E53 -> -0.16071429 | N53: =(((C53*4.5)+(12*D53))*$E$4)/((F53+G53+H53+I53+J53+K53+L53)*7)*100 -> 63.214286 | O53: 0 | P53: 1 | Q53: 8 | R53: 0 | S53: 4 | T53: =SUM(O53:S53) -> 13 | U53: =((((O53*1.5+(P53*3.5)+(Q53*5.5)+(R53*7.5)+(S53*12)))/3)/((F53+G53+H53+I53+J53+K53+L53)*7))*100 -> 90.952381 | V53: =C53+D53-T53 -> 0
B54: E | C54: 8 | D54: 4 | E54: =((($B$3*C54)+(12*D54))*$E$4)/7 -> 3 | F54: 3 | G54: 0 | H54: 0 | I54: 0 | J54: 0 | K54: 0 | L54: 0 | M54: =(F54+G54+H54+L54)-E54 -> 0 | N54: =(((C54*4.5)+(12*D54))*$E$4)/((F54+G54+H54+I54+J54+K54+L54)*7)*100 -> 100 | O54: 0 | P54: 0 | Q54: 8 | R54: 0 | S54: 4 | T54: =SUM(O54:S54) -> 12 | U54: =((((O54*1.5+(P54*3.5)+(Q54*5.5)+(R54*7.5)+(S54*12)))/3)/((F54+G54+H54+I54+J54+K54+L54)*7))*100 -> 146.03175 | V54: =C54+D54-T54 -> 0
A55: 16 | B55: N | C55: 8 | D55: 4 | E55: =((($B$3*C55)+(12*D55))*$E$4)/7 -> 3 | F55: 3 | G55: 0 | H55: 0 | I55: 0 | J55: 0 | K55: 0 | L55: 0 | M55: =(F55+G55+H55+L55)-E55 -> 0 | N55: =(((C55*4.5)+(12*D55))*$E$4)/((F55+G55+H55+I55+J55+K55+L55)*7)*100 -> 100 | O55: 0 | P55: 0 | Q55: 8 | R55: 0 | S55: 4 | T55: =SUM(O55:S55) -> 12 | U55: =((((O55*1.5+(P55*3.5)+(Q55*5.5)+(R55*7.5)+(S55*12)))/3)/((F55+G55+H55+I55+J55+K55+L55)*7))*100 -> 146.03175 | V55: =C55+D55-T55 -> 0
B56: D | C56: 8 | D56: 4 | E56: =((($B$3*C56)+(12*D56))*$E$4)/7 -> 3 | F56: 3 | G56: 0 | H56: 0 | I56: 0 | J56: 0 | K56: 0 | L56: 0 | M56: =(F56+G56+H56+L56)-E56 -> 0 | N56: =(((C56*4.5)+(12*D56))*$E$4)/((F56+G56+H56+I56+J56+K56+L56)*7)*100 -> 100 | O56: 0 | P56: 4 | Q56: 4 | R56: 0 | S56: 4 | T56: =SUM(O56:S56) -> 12 | U56: =((((O56*1.5+(P56*3.5)+(Q56*5.5)+(R56*7.5)+(S56*12)))/3)/((F56+G56+H56+I56+J56+K56+L56)*7))*100 -> 133.33333 | V56: =C56+D56-T56 -> 0
B57: E | C57: 6 | D57: 4 | E57: =((($B$3*C57)+(12*D57))*$E$4)/7 -> 2.6785714 | F57: 3 | G57: 0 | H57: 1 | I57: 0 | J57: 0 | K57: 0 | L57: 0 | M57: =(F57+G57+H57+L57)-E57 -> 1.3214286 | N57: =(((C57*4.5)+(12*D57))*$E$4)/((F57+G57+H57+I57+J57+K57+L57)*7)*100 -> 66.964286 | O57: 0 | P57: 0 | Q57: 5 | R57: 3 | S57: 2 | T57: =SUM(O57:S57) -> 10 | U57: =((((O57*1.5+(P57*3.5)+(Q57*5.5)+(R57*7.5)+(S57*12)))/3)/((F57+G57+H57+I57+J57+K57+L57)*7))*100 -> 88.095238 | V57: =C57+D57-T57 -> 0
A58: 17 | B58: N | C58: 6 | D58: 4 | E58: =((($B$3*C58)+(12*D58))*$E$4)/7 -> 2.6785714 | F58: 3 | G58: 0 | H58: 0 | I58: 0 | J58: 0 | K58: 0 | L58: 0 | M58: =(F58+G58+H58+L58)-E58 -> 0.32142857 | N58: =(((C58*4.5)+(12*D58))*$E$4)/((F58+G58+H58+I58+J58+K58+L58)*7)*100 -> 89.285714 | O58: 0 | P58: 0 | Q58: 5 | R58: 3 | S58: 2 | T58: =SUM(O58:S58) -> 10 | U58: =((((O58*1.5+(P58*3.5)+(Q58*5.5)+(R58*7.5)+(S58*12)))/3)/((F58+G58+H58+I58+J58+K58+L58)*7))*100 -> 117.46032 | V58: =C58+D58-T58 -> 0
B59: D | C59: 6 | D59: 4 | E59: =((($B$3*C59)+(12*D59))*$E$4)/7 -> 2.6785714 | F59: 3 | G59: 0 | H59: 0 | I59: 1 | J59: 0 | K59: 0 | L59: 0 | M59: =(F59+G59+H59+L59)-E59 -> 0.32142857 | N59: =(((C59*4.5)+(12*D59))*$E$4)/((F59+G59+H59+I59+J59+K59+L59)*7)*100 -> 66.964286 | O59: 0 | P59: 2 | Q59: 4 | R59: 2 | S59: 2 | T59: =SUM(O59:S59) -> 10 | U59: =((((O59*1.5+(P59*3.5)+(Q59*5.5)+(R59*7.5)+(S59*12)))/3)/((F59+G59+H59+I59+J59+K59+L59)*7))*100 -> 80.952381 | V59: =C59+D59-T59 -> 0
B60: E | C60: 3 | D60: 4 | E60: =((($B$3*C60)+(12*D60))*$E$4)/7 -> 2.1964286 | F60: 3 | G60: 0 | H60: 0 | I60: 0 | J60: 0 | K60: 1 | L60: 0 | M60: =(F60+G60+H60+L60)-E60 -> 0.80357143 | N60: =(((C60*4.5)+(12*D60))*$E$4)/((F60+G60+H60+I60+J60+K60+L60)*7)*100 -> 54.910714 | O60: 0 | P60: 0 | Q60: 3 | R60: 2 | S60: 2 | T60: =SUM(O60:S60) -> 7 | U60: =((((O60*1.5+(P60*3.5)+(Q60*5.5)+(R60*7.5)+(S60*12)))/3)/((F60+G60+H60+I60+J60+K60+L60)*7))*100 -> 66.071429 | V60: =C60+D60-T60 -> 0
A61: 18 | B61: N | C61: 4 | D61: 4 | E61: =((($B$3*C61)+(12*D61))*$E$4)/7 -> 2.3571429 | F61: 3 | G61: 0 | H61: 0 | I61: 0 | J61: 0 | K61: 0 | L61: 0 | M61: =(F61+G61+H61+L61)-E61 -> 0.64285714 | N61: =(((C61*4.5)+(12*D61))*$E$4)/((F61+G61+H61+I61+J61+K61+L61)*7)*100 -> 78.571429 | O61: 0 | P61: 0 | Q61: 3 | R61: 3 | S61: 2 | T61: =SUM(O61:S61) -> 8 | U61: =((((O61*1.5+(P61*3.5)+(Q61*5.5)+(R61*7.5)+(S61*12)))/3)/((F61+G61+H61+I61+J61+K61+L61)*7))*100 -> 100 | V61: =C61+D61-T61 -> 0
B62: D | C62: 5 | D62: 5 | E62: =((($B$3*C62)+(12*D62))*$E$4)/7 -> 2.9464286 | F62: 4 | G62: 0 | H62: 0 | I62: 0 | J62: 0 | K62: 1 | L62: 0 | M62: =(F62+G62+H62+L62)-E62 -> 1.0535714 | N62: =(((C62*4.5)+(12*D62))*$E$4)/((F62+G62+H62+I62+J62+K62+L62)*7)*100 -> 58.928571 | O62: 0 | P62: 0 | Q62: 5 | R62: 2 | S62: 3 | T62: =SUM(O62:S62) -> 10 | U62: =((((O62*1.5+(P62*3.5)+(Q62*5.5)+(R62*7.5)+(S62*12)))/3)/((F62+G62+H62+I62+J62+K62+L62)*7))*100 -> 74.761905 | V62: =C62+D62-T62 -> 0
B63: E | C63: 3 | D63: 5 | E63: =((($B$3*C63)+(12*D63))*$E$4)/7 -> 2.625 | F63: 3 | G63: 0 | H63: 1 | I63: 0 | J63: 0 | K63: 0 | L63: 0 | M63: =(F63+G63+H63+L63)-E63 -> 1.375 | N63: =(((C63*4.5)+(12*D63))*$E$4)/((F63+G63+H63+I63+J63+K63+L63)*7)*100 -> 65.625 | O63: 0 | P63: 0 | Q63: 3 | R63: 2 | S63: 3 | T63: =SUM(O63:S63) -> 8 | U63: =((((O63*1.5+(P63*3.5)+(Q63*5.5)+(R63*7.5)+(S63*12)))/3)/((F63+G63+H63+I63+J63+K63+L63)*7))*100 -> 80.357143 | V63: =C63+D63-T63 -> 0
A64: 19 | B64: N | C64: 3 | D64: 5 | E64: =((($B$3*C64)+(12*D64))*$E$4)/7 -> 2.625 | F64: 3 | G64: 0 | H64: 0 | I64: 0 | J64: 0 | K64: 0 | L64: 0 | M64: =(F64+G64+H64+L64)-E64 -> 0.375 | N64: =(((C64*4.5)+(12*D64))*$E$4)/((F64+G64+H64+I64+J64+K64+L64)*7)*100 -> 87.5 | O64: 0 | P64: 0 | Q64: 4 | R64: 1 | S64: 3 | T64: =SUM(O64:S64) -> 8 | U64: =((((O64*1.5+(P64*3.5)+(Q64*5.5)+(R64*7.5)+(S64*12)))/3)/((F64+G64+H64+I64+J64+K64+L64)*7))*100 -> 103.96825 | V64: =C64+D64-T64 -> 0
B65: D | C65: 4 | D65: 5 | E65: =((($B$3*C65)+(12*D65))*$E$4)/7 -> 2.7857143 | F65: 2 | G65: 0 | H65: 0 | I65: 1 | J65: 0 | K65: 1 | L65: 0 | M65: =(F65+G65+H65+L65)-E65 -> -0.78571429 | N65: =(((C65*4.5)+(12*D65))*$E$4)/((F65+G65+H65+I65+J65+K65+L65)*7)*100 -> 69.642857 | O65: 0 | P65: 3 | Q65: 2 | R65: 2 | S65: 3 | T65: =SUM(O65:S65) -> 10 | U65: =((((O65*1.5+(P65*3.5)+(Q65*5.5)+(R65*7.5)+(S65*12)))/3)/((F65+G65+H65+I65+J65+K65+L65)*7))*100 -> 86.309524 | V65: =C65+D65-T65 -> -1
B66: E | C66: 3 | D66: 4 | E66: =((($B$3*C66)+(12*D66))*$E$4)/7 -> 2.1964286 | F66: 2 | G66: 0 | H66: 0 | I66: 1 | J66: 0 | K66: 0 | L66: 0 | M66: =(F66+G66+H66+L66)-E66 -> -0.19642857 | N66: =(((C66*4.5)+(12*D66))*$E$4)/((F66+G66+H66+I66+J66+K66+L66)*7)*100 -> 73.214286 | O66: 0 | P66: 0 | Q66: 3 | R66: 2 | S66: 2 | T66: =SUM(O66:S66) -> 7 | U66: =((((O66*1.5+(P66*3.5)+(Q66*5.5)+(R66*7.5)+(S66*12)))/3)/((F66+G66+H66+I66+J66+K66+L66)*7))*100 -> 88.095238 | V66: =C66+D66-T66 -> 0
A67: 20 | B67: N | C67: 3 | D67: 5 | E67: =((($B$3*C67)+(12*D67))*$E$4)/7 -> 2.625 | F67: 3 | G67: 0 | H67: 0 | I67: 0 | J67: 0 | K67: 0 | L67: 0 | M67: =(F67+G67+H67+L67)-E67 -> 0.375 | N67: =(((C67*4.5)+(12*D67))*$E$4)/((F67+G67+H67+I67+J67+K67+L67)*7)*100 -> 87.5 | O67: 0 | P67: 0 | Q67: 3 | R67: 2 | S67: 3 | T67: =SUM(O67:S67) -> 8 | U67: =((((O67*1.5+(P67*3.5)+(Q67*5.5)+(R67*7.5)+(S67*12)))/3)/((F67+G67+H67+I67+J67+K67+L67)*7))*100 -> 107.14286 | V67: =C67+D67-T67 -> 0
B68: D | C68: 4 | D68: 5 | E68: =((($B$3*C68)+(12*D68))*$E$4)/7 -> 2.7857143 | F68: 3 | G68: 0 | H68: 0 | I68: 1 | J68: 0 | K68: 0 | L68: 0 | M68: =(F68+G68+H68+L68)-E68 -> 0.21428571 | N68: =(((C68*4.5)+(12*D68))*$E$4)/((F68+G68+H68+I68+J68+K68+L68)*7)*100 -> 69.642857 | O68: 0 | P68: 0 | Q68: 4 | R68: 0 | S68: 5 | T68: =SUM(O68:S68) -> 9 | U68: =((((O68*1.5+(P68*3.5)+(Q68*5.5)+(R68*7.5)+(S68*12)))/3)/((F68+G68+H68+I68+J68+K68+L68)*7))*100 -> 97.619048 | V68: =C68+D68-T68 -> 0
B69: E | C69: 4 | D69: 5 | E69: =((($B$3*C69)+(12*D69))*$E$4)/7 -> 2.7857143 | F69: 2 | G69: 0 | H69: 0 | I69: 1 | J69: 0 | K69: 0 | L69: 0 | M69: =(F69+G69+H69+L69)-E69 -> -0.78571429 | N69: =(((C69*4.5)+(12*D69))*$E$4)/((F69+G69+H69+I69+J69+K69+L69)*7)*100 -> 92.857143 | O69: 0 | P69: 0 | Q69: 5 | R69: 0 | S69: 4 | T69: =SUM(O69:S69) -> 9 | U69: =((((O69*1.5+(P69*3.5)+(Q69*5.5)+(R69*7.5)+(S69*12)))/3)/((F69+G69+H69+I69+J69+K69+L69)*7))*100 -> 119.84127 | V69: =C69+D69-T69 -> 0
A70: 21 | B70: N | C70: 4 | D70: 5 | E70: =((($B$3*C70)+(12*D70))*$E$4)/7 -> 2.7857143 | F70: 3 | G70: 0 | H70: 0 | I70: 0 | J70: 0 | K70: 0 | L70: 0 | M70: =(F70+G70+H70+L70)-E70 -> 0.21428571 | N70: =(((C70*4.5)+(12*D70))*$E$4)/((F70+G70+H70+I70+J70+K70+L70)*7)*100 -> 92.857143 | O70: 0 | P70: 0 | Q70: 5 | R70: 0 | S70: 4 | T70: =SUM(O70:S70) -> 9 | U70: =((((O70*1.5+(P70*3.5)+(Q70*5.5)+(R70*7.5)+(S70*12)))/3)/((F70+G70+H70+I70+J70+K70+L70)*7))*100 -> 119.84127 | V70: =C70+D70-T70 -> 0
B71: D | C71: 5 | D71: 6 | E71: =((($B$3*C71)+(12*D71))*$E$4)/7 -> 3.375 | F71: 2 | G71: 0 | H71: 0 | I71: 1 | J71: 0 | K71: 0 | L71: 0 | M71: =(F71+G71+H71+L71)-E71 -> -1.375 | N71: =(((C71*4.5)+(12*D71))*$E$4)/((F71+G71+H71+I71+J71+K71+L71)*7)*100 -> 112.5 | O71: 0 | P71: 1 | Q71: 5 | R71: 0 | S71: 5 | T71: =SUM(O71:S71) -> 11 | U71: =((((O71*1.5+(P71*3.5)+(Q71*5.5)+(R71*7.5)+(S71*12)))/3)/((F71+G71+H71+I71+J71+K71+L71)*7))*100 -> 144.44444 | V71: =C71+D71-T71 -> 0
B72: E | C72: 4 | D72: 6 | E72: =((($B$3*C72)+(12*D72))*$E$4)/7 -> 3.2142857 | F72: 3 | G72: 0 | H72: 0 | I72: 0 | J72: 0 | K72: 0 | L72: 0 | M72: =(F72+G72+H72+L72)-E72 -> -0.21428571 | N72: =(((C72*4.5)+(12*D72))*$E$4)/((F72+G72+H72+I72+J72+K72+L72)*7)*100 -> 107.14286 | O72: 0 | P72: 0 | Q72: 4 | R72: 1 | S72: 5 | T72: =SUM(O72:S72) -> 10 | U72: =((((O72*1.5+(P72*3.5)+(Q72*5.5)+(R72*7.5)+(S72*12)))/3)/((F72+G72+H72+I72+J72+K72+L72)*7))*100 -> 142.06349 | V72: =C72+D72-T72 -> 0
A73: 22 | B73: N | C73: 4 | D73: 6 | E73: =((($B$3*C73)+(12*D73))*$E$4)/7 -> 3.2142857 | F73: 3 | G73: 0 | H73: 0 | I73: 0 | J73: 0 | K73: 0 | L73: 0 | M73: =(F73+G73+H73+L73)-E73 -> -0.21428571 | N73: =(((C73*4.5)+(12*D73))*$E$4)/((F73+G73+H73+I73+J73+K73+L73)*7)*100 -> 107.14286 | O73: 0 | P73: 0 | Q73: 4 | R73: 1 | S73: 5 | T73: =SUM(O73:S73) -> 10 | U73: =((((O73*1.5+(P73*3.5)+(Q73*5.5)+(R73*7.5)+(S73*12)))/3)/((F73+G73+H73+I73+J73+K73+L73)*7))*100 -> 142.06349 | V73: =C73+D73-T73 -> 0
B74: D | C74: 5 | D74: 6 | E74: =((($B$3*C74)+(12*D74))*$E$4)/7 -> 3.375 | F74: 3 | H74: 1 | M74: =(F74+G74+H74+L74)-E74 -> 0.625 | N74: =(((C74*4.5)+(12*D74))*$E$4)/((F74+G74+H74+I74+J74+K74+L74)*7)*100 -> 84.375 | O74: 0 | P74: 0 | Q74: 4 | R74: 1 | S74: 6 | T74: =SUM(O74:S74) -> 11 | U74: =((((O74*1.5+(P74*3.5)+(Q74*5.5)+(R74*7.5)+(S74*12)))/3)/((F74+G74+H74+I74+J74+K74+L74)*7))*100 -> 120.83333 | V74: =C74+D74-T74 -> 0
B75: E | C75: 4 | D75: 6 | E75: =((($B$3*C75)+(12*D75))*$E$4)/7 -> 3.2142857 | F75: 3 | G75: 0 | H75: 0 | I75: 0 | J75: 0 | K75: 0 | L75: 0 | M75: =(F75+G75+H75+L75)-E75 -> -0.21428571 | N75: =(((C75*4.5)+(12*D75))*$E$4)/((F75+G75+H75+I75+J75+K75+L75)*7)*100 -> 107.14286 | O75: 0 | P75: 0 | Q75: 5 | R75: 2 | S75: 3 | T75: =SUM(O75:S75) -> 10 | U75: =((((O75*1.5+(P75*3.5)+(Q75*5.5)+(R75*7.5)+(S75*12)))/3)/((F75+G75+H75+I75+J75+K75+L75)*7))*100 -> 124.60317 | V75: =C75+D75-T75 -> 0
A76: 23 | B76: N | C76: 5 | D76: 6 | E76: =((($B$3*C76)+(12*D76))*$E$4)/7 -> 3.375 | F76: 2 | G76: 0 | H76: 0 | I76: 1 | J76: 0 | K76: 0 | L76: 0 | M76: =(F76+G76+H76+L76)-E76 -> -1.375 | N76: =(((C76*4.5)+(12*D76))*$E$4)/((F76+G76+H76+I76+J76+K76+L76)*7)*100 -> 112.5 | O76: 0 | P76: 0 | Q76: 5 | R76: 3 | S76: 3 | T76: =SUM(O76:S76) -> 11 | U76: =((((O76*1.5+(P76*3.5)+(Q76*5.5)+(R76*7.5)+(S76*12)))/3)/((F76+G76+H76+I76+J76+K76+L76)*7))*100 -> 136.50794 | V76: =C76+D76-T76 -> 0
B77: D | E77: =((($B$3*C77)+(12*D77))*$E$4)/7 -> 0 | G77: 0 | H77: 0 | I77: 0 | J77: 0 | K77: 0 | L77: 0 | M77: =(F77+G77+H77+L77)-E77 -> 0 | N77: =(((C77*4.5)+(12*D77))*$E$4)/((F77+G77+H77+I77+J77+K77+L77)*7)*100 -> #DIV/0! | O77: 0 | T77: =SUM(O77:S77) -> 0 | U77: =((((O77*1.5+(P77*3.5)+(Q77*5.5)+(R77*7.5)+(S77*12)))/3)/((F77+G77+H77+I77+J77+K77+L77)*7))*100 -> #DIV/0! | V77: =C77+D77-T77 -> 0
B78: E | C78: 5 | D78: 5 | E78: =((($B$3*C78)+(12*D78))*$E$4)/7 -> 2.9464286 | F78: 2 | G78: 0 | H78: 0 | I78: 1 | J78: 0 | K78: 0 | L78: 0 | M78: =(F78+G78+H78+L78)-E78 -> -0.94642857 | N78: =(((C78*4.5)+(12*D78))*$E$4)/((F78+G78+H78+I78+J78+K78+L78)*7)*100 -> 98.214286 | O78: 0 | P78: 0 | Q78: 6 | R78: 2 | S78: 2 | T78: =SUM(O78:S78) -> 10 | U78: =((((O78*1.5+(P78*3.5)+(Q78*5.5)+(R78*7.5)+(S78*12)))/3)/((F78+G78+H78+I78+J78+K78+L78)*7))*100 -> 114.28571 | V78: =C78+D78-T78 -> 0
A79: 24 | B79: N | C79: 6 | D79: 5 | E79: =((($B$3*C79)+(12*D79))*$E$4)/7 -> 3.1071429 | F79: 2 | G79: 0 | H79: 0 | I79: 1 | J79: 0 | K79: 0 | L79: 0 | M79: =(F79+G79+H79+L79)-E79 -> -1.1071429 | N79: =(((C79*4.5)+(12*D79))*$E$4)/((F79+G79+H79+I79+J79+K79+L79)*7)*100 -> 103.57143 | O79: 0 | P79: 0 | Q79: 9 | R79: 0 | S79: 2 | T79: =SUM(O79:S79) -> 11 | U79: =((((O79*1.5+(P79*3.5)+(Q79*5.5)+(R79*7.5)+(S79*12)))/3)/((F79+G79+H79+I79+J79+K79+L79)*7))*100 -> 116.66667 | V79: =C79+D79-T79 -> 0
B80: D | C80: 9 | D80: 5 | E80: =((($B$3*C80)+(12*D80))*$E$4)/7 -> 3.5892857 | F80: 3 | I80: 1 | M80: =(F80+G80+H80+L80)-E80 -> -0.58928571 | N80: =(((C80*4.5)+(12*D80))*$E$4)/((F80+G80+H80+I80+J80+K80+L80)*7)*100 -> 89.732143 | O80: 0 | P80: 1 | Q80: 11 | R80: 0 | S80: 2 | T80: =SUM(O80:S80) -> 14 | U80: =((((O80*1.5+(P80*3.5)+(Q80*5.5)+(R80*7.5)+(S80*12)))/3)/((F80+G80+H80+I80+J80+K80+L80)*7))*100 -> 104.7619 | V80: =C80+D80-T80 -> 0
B81: E | C81: 10 | D81: 2 | E81: =((($B$3*C81)+(12*D81))*$E$4)/7 -> 2.4642857 | F81: 3 | G81: 0 | H81: 0 | I81: 0 | J81: 0 | K81: 0 | L81: 0 | M81: =(F81+G81+H81+L81)-E81 -> 0.53571429 | N81: =(((C81*4.5)+(12*D81))*$E$4)/((F81+G81+H81+I81+J81+K81+L81)*7)*100 -> 82.142857 | O81: 0 | P81: 0 | Q81: 10 | R81: 0 | S81: 2 | T81: =SUM(O81:S81) -> 12 | U81: =((((O81*1.5+(P81*3.5)+(Q81*5.5)+(R81*7.5)+(S81*12)))/3)/((F81+G81+H81+I81+J81+K81+L81)*7))*100 -> 125.39683 | V81: =C81+D81-T81 -> 0
A82: 25 | B82: N | C82: 10 | D82: 2 | E82: =((($B$3*C82)+(12*D82))*$E$4)/7 -> 2.4642857 | F82: 3 | G82: 0 | H82: 0 | I82: 0 | J82: 0 | K82: 0 | L82: 0 | M82: =(F82+G82+H82+L82)-E82 -> 0.53571429 | N82: =(((C82*4.5)+(12*D82))*$E$4)/((F82+G82+H82+I82+J82+K82+L82)*7)*100 -> 82.142857 | O82: 0 | P82: 0 | Q82: 10 | R82: 0 | S82: 2 | T82: =SUM(O82:S82) -> 12 | U82: =((((O82*1.5+(P82*3.5)+(Q82*5.5)+(R82*7.5)+(S82*12)))/3)/((F82+G82+H82+I82+J82+K82+L82)*7))*100 -> 125.39683 | V82: =C82+D82-T82 -> 0
B83: D | C83: 12 | D83: 3 | E83: =((($B$3*C83)+(12*D83))*$E$4)/7 -> 3.2142857 | F83: 3 | G83: 0 | H83: 0 | I83: 1 | J83: 0 | K83: 0 | L83: 0 | M83: =(F83+G83+H83+L83)-E83 -> -0.21428571 | N83: =(((C83*4.5)+(12*D83))*$E$4)/((F83+G83+H83+I83+J83+K83+L83)*7)*100 -> 80.357143 | O83: 0 | P83: 1 | Q83: 10 | R83: 2 | S83: 3 | T83: =SUM(O83:S83) -> 16 | U83: =((((O83*1.5+(P83*3.5)+(Q83*5.5)+(R83*7.5)+(S83*12)))/3)/((F83+G83+H83+I83+J83+K83+L83)*7))*100 -> 130.35714 | V83: =C83+D83-T83 -> -1
B84: E | C84: 9 | D84: 3 | E84: =((($B$3*C84)+(12*D84))*$E$4)/7 -> 2.7321429 | F84: 3 | G84: 0 | H84: 0 | I84: 0 | J84: 0 | K84: 0 | L84: 0 | M84: =(F84+G84+H84+L84)-E84 -> 0.26785714 | N84: =(((C84*4.5)+(12*D84))*$E$4)/((F84+G84+H84+I84+J84+K84+L84)*7)*100 -> 91.071429 | O84: 0 | P84: 0 | Q84: 9 | R84: 0 | S84: 3 | T84: =SUM(O84:S84) -> 12 | U84: =((((O84*1.5+(P84*3.5)+(Q84*5.5)+(R84*7.5)+(S84*12)))/3)/((F84+G84+H84+I84+J84+K84+L84)*7))*100 -> 135.71429 | V84: =C84+D84-T84 -> 0
A85: 26 | B85: N | C85: 9 | D85: 3 | E85: =((($B$3*C85)+(12*D85))*$E$4)/7 -> 2.7321429 | F85: 3 | G85: 0 | H85: 0 | I85: 0 | J85: 0 | K85: 0 | L85: 0 | M85: =(F85+G85+H85+L85)-E85 -> 0.26785714 | N85: =(((C85*4.5)+(12*D85))*$E$4)/((F85+G85+H85+I85+J85+K85+L85)*7)*100 -> 91.071429 | O85: 0 | P85: 0 | Q85: 9 | R85: 0 | S85: 3 | T85: =SUM(O85:S85) -> 12 | U85: =((((O85*1.5+(P85*3.5)+(Q85*5.5)+(R85*7.5)+(S85*12)))/3)/((F85+G85+H85+I85+J85+K85+L85)*7))*100 -> 135.71429 | V85: =C85+D85-T85 -> 0
B86: D | C86: 9 | D86: 4 | E86: =((($B$3*C86)+(12*D86))*$E$4)/7 -> 3.1607143 | F86: 1 | G86: 0 | H86: 0 | I86: 2 | J86: 0 | K86: 0 | L86: 0 | M86: =(F86+G86+H86+L86)-E86 -> -2.1607143 | N86: =(((C86*4.5)+(12*D86))*$E$4)/((F86+G86+H86+I86+J86+K86+L86)*7)*100 -> 105.35714 | O86: 0 | P86: 2 | Q86: 7 | R86: 0 | S86: 4 | T86: =SUM(O86:S86) -> 13 | U86: =((((O86*1.5+(P86*3.5)+(Q86*5.5)+(R86*7.5)+(S86*12)))/3)/((F86+G86+H86+I86+J86+K86+L86)*7))*100 -> 148.4127 | V86: =C86+D86-T86 -> 0
B87: E | C87: 8 | D87: 4 | E87: =((($B$3*C87)+(12*D87))*$E$4)/7 -> 3 | F87: 3 | G87: 0 | H87: 0 | I87: 0 | J87: 0 | K87: 0 | L87: 0 | M87: =(F87+G87+H87+L87)-E87 -> 0 | N87: =(((C87*4.5)+(12*D87))*$E$4)/((F87+G87+H87+I87+J87+K87+L87)*7)*100 -> 100 | O87: 0 | P87: 0 | Q87: 7 | R87: 1 | S87: 4 | T87: =SUM(O87:S87) -> 12 | U87: =((((O87*1.5+(P87*3.5)+(Q87*5.5)+(R87*7.5)+(S87*12)))/3)/((F87+G87+H87+I87+J87+K87+L87)*7))*100 -> 149.20635 | V87: =C87+D87-T87 -> 0
A88: 27 | B88: N | C88: 7 | D88: 4 | E88: =((($B$3*C88)+(12*D88))*$E$4)/7 -> 2.8392857 | F88: 2 | G88: 0 | H88: 0 | I88: 1 | J88: 0 | K88: 0 | L88: 0 | M88: =(F88+G88+H88+L88)-E88 -> -0.83928571 | N88: =(((C88*4.5)+(12*D88))*$E$4)/((F88+G88+H88+I88+J88+K88+L88)*7)*100 -> 94.642857 | O88: 0 | P88: 0 | Q88: 7 | R88: 0 | S88: 4 | T88: =SUM(O88:S88) -> 11 | U88: =((((O88*1.5+(P88*3.5)+(Q88*5.5)+(R88*7.5)+(S88*12)))/3)/((F88+G88+H88+I88+J88+K88+L88)*7))*100 -> 137.30159 | V88: =C88+D88-T88 -> 0
B89: D | C89: 9 | D89: 4 | E89: =((($B$3*C89)+(12*D89))*$E$4)/7 -> 3.1607143 | F89: 3 | G89: 0 | H89: 0 | I89: 0 | J89: 0 | K89: 0 | L89: 0 | M89: =(F89+G89+H89+L89)-E89 -> -0.16071429 | N89: =(((C89*4.5)+(12*D89))*$E$4)/((F89+G89+H89+I89+J89+K89+L89)*7)*100 -> 105.35714 | O89: 0 | P89: 1 | Q89: 8 | R89: 0 | S89: 4 | T89: =SUM(O89:S89) -> 13 | U89: =((((O89*1.5+(P89*3.5)+(Q89*5.5)+(R89*7.5)+(S89*12)))/3)/((F89+G89+H89+I89+J89+K89+L89)*7))*100 -> 151.5873 | V89: =C89+D89-T89 -> 0
B90: E | C90: 7 | D90: 4 | E90: =((($B$3*C90)+(12*D90))*$E$4)/7 -> 2.8392857 | F90: 3 | G90: 0 | H90: 0 | I90: 0 | J90: 0 | K90: 0 | L90: 0 | M90: =(F90+G90+H90+L90)-E90 -> 0.16071429 | N90: =(((C90*4.5)+(12*D90))*$E$4)/((F90+G90+H90+I90+J90+K90+L90)*7)*100 -> 94.642857 | O90: 0 | P90: 0 | Q90: 7 | R90: 0 | S90: 4 | T90: =SUM(O90:S90) -> 11 | U90: =((((O90*1.5+(P90*3.5)+(Q90*5.5)+(R90*7.5)+(S90*12)))/3)/((F90+G90+H90+I90+J90+K90+L90)*7))*100 -> 137.30159 | V90: =C90+D90-T90 -> 0
A91: 28 | B91: N | C91: 8 | D91: 5 | E91: =((($B$3*C91)+(12*D91))*$E$4)/7 -> 3.4285714 | F91: 3 | G91: 0 | H91: 0 | I91: 0 | J91: 0 | K91: 0 | L91: 0 | M91: =(F91+G91+H91+L91)-E91 -> -0.42857143 | N91: =(((C91*4.5)+(12*D91))*$E$4)/((F91+G91+H91+I91+J91+K91+L91)*7)*100 -> 114.28571 | O91: 0 | P91: 0 | Q91: 8 | R91: 0 | S91: 5 | T91: =SUM(O91:S91) -> 13 | U91: =((((O91*1.5+(P91*3.5)+(Q91*5.5)+(R91*7.5)+(S91*12)))/3)/((F91+G91+H91+I91+J91+K91+L91)*7))*100 -> 165.07937 | V91: =C91+D91-T91 -> 0
B92: D | C92: 10 | D92: 5 | E92: =((($B$3*C92)+(12*D92))*$E$4)/7 -> 3.75 | F92: 3 | K92: 1 | M92: =(F92+G92+H92+L92)-E92 -> -0.75 | N92: =(((C92*4.5)+(12*D92))*$E$4)/((F92+G92+H92+I92+J92+K92+L92)*7)*100 -> 93.75 | O92: 0 | P92: 1 | Q92: 9 | R92: 0 | S92: 5 | T92: =SUM(O92:S92) -> 15 | U92: =((((O92*1.5+(P92*3.5)+(Q92*5.5)+(R92*7.5)+(S92*12)))/3)/((F92+G92+H92+I92+J92+K92+L92)*7))*100 -> 134.52381 | V92: =C92+D92-T92 -> 0
B93: E | C93: 6 | D93: 6 | E93: =((($B$3*C93)+(12*D93))*$E$4)/7 -> 3.5357143 | F93: 3 | G93: 0 | H93: 0 | I93: 0 | J93: 0 | K93: 0 | L93: 0 | M93: =(F93+G93+H93+L93)-E93 -> -0.53571429 | N93: =(((C93*4.5)+(12*D93))*$E$4)/((F93+G93+H93+I93+J93+K93+L93)*7)*100 -> 117.85714 | O93: 0 | P93: 0 | Q93: 6 | R93: 1 | S93: 5 | T93: =SUM(O93:S93) -> 12 | U93: =((((O93*1.5+(P93*3.5)+(Q93*5.5)+(R93*7.5)+(S93*12)))/3)/((F93+G93+H93+I93+J93+K93+L93)*7))*100 -> 159.52381 | V93: =C93+D93-T93 -> 0
A94: 29 | B94: N | C94: 6 | D94: 6 | E94: =((($B$3*C94)+(12*D94))*$E$4)/7 -> 3.5357143 | F94: 3 | G94: 0 | H94: 0 | I94: 0 | J94: 0 | K94: 0 | L94: 0 | M94: =(F94+G94+H94+L94)-E94 -> -0.53571429 | N94: =(((C94*4.5)+(12*D94))*$E$4)/((F94+G94+H94+I94+J94+K94+L94)*7)*100 -> 117.85714 | O94: 0 | P94: 0 | Q94: 6 | R94: 1 | S94: 5 | T94: =SUM(O94:S94) -> 12 | U94: =((((O94*1.5+(P94*3.5)+(Q94*5.5)+(R94*7.5)+(S94*12)))/3)/((F94+G94+H94+I94+J94+K94+L94)*7))*100 -> 159.52381 | V94: =C94+D94-T94 -> 0
B95: D | C95: 8 | D95: 6 | E95: =((($B$3*C95)+(12*D95))*$E$4)/7 -> 3.8571429 | F95: 2 | G95: 0 | H95: 0 | I95: 1 | J95: 0 | K95: 0 | L95: 0 | M95: =(F95+G95+H95+L95)-E95 -> -1.8571429 | N95: =(((C95*4.5)+(12*D95))*$E$4)/((F95+G95+H95+I95+J95+K95+L95)*7)*100 -> 128.57143 | O95: 0 | P95: 1 | Q95: 8 | R95: 0 | S95: 6 | T95: =SUM(O95:S95) -> 15 | U95: =((((O95*1.5+(P95*3.5)+(Q95*5.5)+(R95*7.5)+(S95*12)))/3)/((F95+G95+H95+I95+J95+K95+L95)*7))*100 -> 189.68254 | V95: =C95+D95-T95 -> -1
B96: E | C96: 9 | D96: 6 | E96: =((($B$3*C96)+(12*D96))*$E$4)/7 -> 4.0178571 | F96: 3 | G96: 0 | H96: 0 | I96: 0 | J96: 0 | K96: 0 | L96: 0 | M96: =(F96+G96+H96+L96)-E96 -> -1.0178571 | N96: =(((C96*4.5)+(12*D96))*$E$4)/((F96+G96+H96+I96+J96+K96+L96)*7)*100 -> 133.92857 | O96: 0 | P96: 0 | Q96: 9 | R96: 1 | S96: 5 | T96: =SUM(O96:S96) -> 15 | U96: =((((O96*1.5+(P96*3.5)+(Q96*5.5)+(R96*7.5)+(S96*12)))/3)/((F96+G96+H96+I96+J96+K96+L96)*7))*100 -> 185.71429 | V96: =C96+D96-T96 -> 0
A97: 30 | B97: N | C97: 8 | D97: 6 | E97: =((($B$3*C97)+(12*D97))*$E$4)/7 -> 3.8571429 | F97: 3 | G97: 0 | H97: 0 | I97: 0 | J97: 0 | K97: 0 | L97: 0 | M97: =(F97+G97+H97+L97)-E97 -> -0.85714286 | N97: =(((C97*4.5)+(12*D97))*$E$4)/((F97+G97+H97+I97+J97+K97+L97)*7)*100 -> 128.57143 | O97: 0 | P97: 0 | Q97: 8 | R97: 1 | S97: 5 | T97: =SUM(O97:S97) -> 14 | U97: =((((O97*1.5+(P97*3.5)+(Q97*5.5)+(R97*7.5)+(S97*12)))/3)/((F97+G97+H97+I97+J97+K97+L97)*7))*100 -> 176.98413 | V97: =C97+D97-T97 -> 0
B98: D | C98: 7 | D98: 6 | E98: =((($B$3*C98)+(12*D98))*$E$4)/7 -> 3.6964286 | F98: 4 | G98: 0 | H98: 0 | I98: 0 | J98: 0 | K98: 0 | L98: 0 | M98: =(F98+G98+H98+L98)-E98 -> 0.30357143 | N98: =(((C98*4.5)+(12*D98))*$E$4)/((F98+G98+H98+I98+J98+K98+L98)*7)*100 -> 92.410714 | O98: 0 | P98: 1 | Q98: 6 | R98: 1 | S98: 5 | T98: =SUM(O98:S98) -> 13 | U98: =((((O98*1.5+(P98*3.5)+(Q98*5.5)+(R98*7.5)+(S98*12)))/3)/((F98+G98+H98+I98+J98+K98+L98)*7))*100 -> 123.80952 | V98: =C98+D98-T98 -> 0
B99: E | C99: 7 | D99: 6 | E99: =((($B$3*C99)+(12*D99))*$E$4)/7 -> 3.6964286 | F99: 3 | G99: 0 | H99: 0 | I99: 0 | J99: 0 | K99: 0 | L99: 0 | M99: =(F99+G99+H99+L99)-E99 -> -0.69642857 | N99: =(((C99*4.5)+(12*D99))*$E$4)/((F99+G99+H99+I99+J99+K99+L99)*7)*100 -> 123.21429 | O99: 0 | P99: 0 | Q99: 9 | R99: 2 | S99: 2 | T99: =SUM(O99:S99) -> 13 | U99: =((((O99*1.5+(P99*3.5)+(Q99*5.5)+(R99*7.5)+(S99*12)))/3)/((F99+G99+H99+I99+J99+K99+L99)*7))*100 -> 140.47619 | V99: =C99+D99-T99 -> 0
A100: 31 | B100: N | C100: 8 | D100: 6 | E100: =((($B$3*C100)+(12*D100))*$E$4)/7 -> 3.8571429 | F100: 3 | G100: 0 | H100: 0 | I100: 0 | J100: 0 | K100: 0 | L100: 0 | M100: =(F100+G100+H100+L100)-E100 -> -0.85714286 | N100: =(((C100*4.5)+(12*D100))*$E$4)/((F100+G100+H100+I100+J100+K100+L100)*7)*100 -> 128.57143 | O100: 0 | P100: 0 | Q100: 10 | R100: 2 | S100: 2 | T100: =SUM(O100:S100) -> 14 | U100: =((((O100*1.5+(P100*3.5)+(Q100*5.5)+(R100*7.5)+(S100*12)))/3)/((F100+G100+H100+I100+J100+K100+L100)*7))*100 -> 149.20635 | V100: =C100+D100-T100 -> 0
...

Sheet ต.ค
A1: การคิด FTEรายวัน
A2: หอผู้ป่วย……...ประจำเดือน..............พ.ศ.................
A3: NN ผู้ป่วยต่อคน | B3: 4.5 | C3: สัดส่วนตามเวร | E3: N | I3: D | M3: E | O3: ค่าเวร | Q3: =((F103+F105)*240)+((G103+G105)*180) -> 0 | S3: บาท
E4: 0.25 | I4: 0.4 | M4: 0.35 | O4: ค่าOT | Q4: =((I103+L103+I104+L104+I105+L105)*660)+((J103+J105+J104)*530) -> 0 | S4: บาท
A5: จำนวนพยาบาลมีจริงเดือนนี้ | E5: คน | F5: จำนวนวันราชการเดือนนี้ | N5: วัน
A6: จำนวนพยาบาลตามFTE | C6: =((C106*12)/(M5*7)+((D106*12)/(M5*7))) -> #DIV/0! | E6: คน | F6: ขาดเกิน | I6: =C5-C6 -> #DIV/0! | L6: คน | M6: product | N6: =((((C106*4.5)+(D106*12))/((F106+G106+H106+I106+J106+K106+L106)*7)))*100 -> #DIV/0! | O6: product ตามประเภท | R6: =U106 -> #DIV/0!
A7: วันที่ | B7: เวร | C7: sick new born | D7: NICU | E7: FTE | F7: ขึ้นตามตารางเวร | L7: OT เสริม | M7: -ขาด/+เกิน | N7: product | O7: ประเภทผู้ป่วย | T7: รวม | U7: product ตามประเภท
F8: ไม่ใช่ OT | I8: OT | O8: 1 | P8: 2 | Q8: 3 | R8: 4 | S8: 5
F9: RN | G9: TN | H9: PN | I9: RN | J9: TN | K9: PN
A10: 1 | B10: N | E10: =((($B$3*C10)+(12*D10))*$E$4)/7 -> 0 | M10: =(F10+G10+H10+L10)-E10 -> 0 | N10: =(((C10*12)+(12*D10))*$E$4)/((F10+G10+H10+I10+J10+K10+L10)*7)*100 -> #DIV/0! | T10: =SUM(O10:S10) -> 0 | U10: =((((O10*1.5+(P10*3.5)+(Q10*5.5)+(R10*7.5)+(S10*12)))/3)/((F10+G10+H10+I10+J10+K10+L10)*7))*100 -> #DIV/0! | V10: =C10+D10-T10 -> 0
B11: D | E11: =((($B$3*C11)+(12*D11))*$E$4)/7 -> 0 | M11: =(F11+G11+H11+L11)-E11 -> 0 | N11: =(((C11*12)+(12*D11))*$E$4)/((F11+G11+H11+I11+J11+K11+L11)*7)*100 -> #DIV/0! | T11: =SUM(O11:S11) -> 0 | U11: =((((O11*1.5+(P11*3.5)+(Q11*5.5)+(R11*7.5)+(S11*12)))/3)/((F11+G11+H11+I11+J11+K11+L11)*7))*100 -> #DIV/0! | V11: =C11+D11-T11 -> 0
B12: E | E12: =((($B$3*C12)+(12*D12))*$E$4)/7 -> 0 | M12: =(F12+G12+H12+L12)-E12 -> 0 | N12: =(((C12*12)+(12*D12))*$E$4)/((F12+G12+H12+I12+J12+K12+L12)*7)*100 -> #DIV/0! | T12: =SUM(O12:S12) -> 0 | U12: =((((O12*1.5+(P12*3.5)+(Q12*5.5)+(R12*7.5)+(S12*12)))/3)/((F12+G12+H12+I12+J12+K12+L12)*7))*100 -> #DIV/0! | V12: =C12+D12-T12 -> 0
A13: 2 | B13: N | E13: =((($B$3*C13)+(12*D13))*$E$4)/7 -> 0 | M13: =(F13+G13+H13+L13)-E13 -> 0 | N13: =(((C13*12)+(12*D13))*$E$4)/((F13+G13+H13+I13+J13+K13+L13)*7)*100 -> #DIV/0! | T13: =SUM(O13:S13) -> 0 | U13: =((((O13*1.5+(P13*3.5)+(Q13*5.5)+(R13*7.5)+(S13*12)))/3)/((F13+G13+H13+I13+J13+K13+L13)*7))*100 -> #DIV/0! | V13: =C13+D13-T13 -> 0
B14: D | E14: =((($B$3*C14)+(12*D14))*$E$4)/7 -> 0 | M14: =(F14+G14+H14+L14)-E14 -> 0 | N14: =(((C14*12)+(12*D14))*$E$4)/((F14+G14+H14+I14+J14+K14+L14)*7)*100 -> #DIV/0! | T14: =SUM(O14:S14) -> 0 | U14: =((((O14*1.5+(P14*3.5)+(Q14*5.5)+(R14*7.5)+(S14*12)))/3)/((F14+G14+H14+I14+J14+K14+L14)*7))*100 -> #DIV/0! | V14: =C14+D14-T14 -> 0
B15: E | E15: =((($B$3*C15)+(12*D15))*$E$4)/7 -> 0 | M15: =(F15+G15+H15+L15)-E15 -> 0 | N15: =(((C15*12)+(12*D15))*$E$4)/((F15+G15+H15+I15+J15+K15+L15)*7)*100 -> #DIV/0! | T15: =SUM(O15:S15) -> 0 | U15: =((((O15*1.5+(P15*3.5)+(Q15*5.5)+(R15*7.5)+(S15*12)))/3)/((F15+G15+H15+I15+J15+K15+L15)*7))*100 -> #DIV/0! | V15: =C15+D15-T15 -> 0
A16: 3 | B16: N | E16: =((($B$3*C16)+(12*D16))*$E$4)/7 -> 0 | M16: =(F16+G16+H16+L16)-E16 -> 0 | N16: =(((C16*12)+(12*D16))*$E$4)/((F16+G16+H16+I16+J16+K16+L16)*7)*100 -> #DIV/0! | T16: =SUM(O16:S16) -> 0 | U16: =((((O16*1.5+(P16*3.5)+(Q16*5.5)+(R16*7.5)+(S16*12)))/3)/((F16+G16+H16+I16+J16+K16+L16)*7))*100 -> #DIV/0! | V16: =C16+D16-T16 -> 0
B17: D | E17: =((($B$3*C17)+(12*D17))*$E$4)/7 -> 0 | M17: =(F17+G17+H17+L17)-E17 -> 0 | N17: =(((C17*12)+(12*D17))*$E$4)/((F17+G17+H17+I17+J17+K17+L17)*7)*100 -> #DIV/0! | T17: =SUM(O17:S17) -> 0 | U17: =((((O17*1.5+(P17*3.5)+(Q17*5.5)+(R17*7.5)+(S17*12)))/3)/((F17+G17+H17+I17+J17+K17+L17)*7))*100 -> #DIV/0! | V17: =C17+D17-T17 -> 0
B18: E | E18: =((($B$3*C18)+(12*D18))*$E$4)/7 -> 0 | M18: =(F18+G18+H18+L18)-E18 -> 0 | N18: =(((C18*12)+(12*D18))*$E$4)/((F18+G18+H18+I18+J18+K18+L18)*7)*100 -> #DIV/0! | T18: =SUM(O18:S18) -> 0 | U18: =((((O18*1.5+(P18*3.5)+(Q18*5.5)+(R18*7.5)+(S18*12)))/3)/((F18+G18+H18+I18+J18+K18+L18)*7))*100 -> #DIV/0! | V18: =C18+D18-T18 -> 0
A19: 4 | B19: N | E19: =((($B$3*C19)+(12*D19))*$E$4)/7 -> 0 | M19: =(F19+G19+H19+L19)-E19 -> 0 | N19: =(((C19*12)+(12*D19))*$E$4)/((F19+G19+H19+I19+J19+K19+L19)*7)*100 -> #DIV/0! | T19: =SUM(O19:S19) -> 0 | U19: =((((O19*1.5+(P19*3.5)+(Q19*5.5)+(R19*7.5)+(S19*12)))/3)/((F19+G19+H19+I19+J19+K19+L19)*7))*100 -> #DIV/0! | V19: =C19+D19-T19 -> 0
B20: D | E20: =((($B$3*C20)+(12*D20))*$E$4)/7 -> 0 | M20: =(F20+G20+H20+L20)-E20 -> 0 | N20: =(((C20*12)+(12*D20))*$E$4)/((F20+G20+H20+I20+J20+K20+L20)*7)*100 -> #DIV/0! | T20: =SUM(O20:S20) -> 0 | U20: =((((O20*1.5+(P20*3.5)+(Q20*5.5)+(R20*7.5)+(S20*12)))/3)/((F20+G20+H20+I20+J20+K20+L20)*7))*100 -> #DIV/0! | V20: =C20+D20-T20 -> 0
B21: E | E21: =((($B$3*C21)+(12*D21))*$E$4)/7 -> 0 | M21: =(F21+G21+H21+L21)-E21 -> 0 | N21: =(((C21*12)+(12*D21))*$E$4)/((F21+G21+H21+I21+J21+K21+L21)*7)*100 -> #DIV/0! | T21: =SUM(O21:S21) -> 0 | U21: =((((O21*1.5+(P21*3.5)+(Q21*5.5)+(R21*7.5)+(S21*12)))/3)/((F21+G21+H21+I21+J21+K21+L21)*7))*100 -> #DIV/0! | V21: =C21+D21-T21 -> 0
A22: 5 | B22: N | E22: =((($B$3*C22)+(12*D22))*$E$4)/7 -> 0 | M22: =(F22+G22+H22+L22)-E22 -> 0 | N22: =(((C22*12)+(12*D22))*$E$4)/((F22+G22+H22+I22+J22+K22+L22)*7)*100 -> #DIV/0! | T22: =SUM(O22:S22) -> 0 | U22: =((((O22*1.5+(P22*3.5)+(Q22*5.5)+(R22*7.5)+(S22*12)))/3)/((F22+G22+H22+I22+J22+K22+L22)*7))*100 -> #DIV/0! | V22: =C22+D22-T22 -> 0
B23: D | E23: =((($B$3*C23)+(12*D23))*$E$4)/7 -> 0 | M23: =(F23+G23+H23+L23)-E23 -> 0 | N23: =(((C23*12)+(12*D23))*$E$4)/((F23+G23+H23+I23+J23+K23+L23)*7)*100 -> #DIV/0! | T23: =SUM(O23:S23) -> 0 | U23: =((((O23*1.5+(P23*3.5)+(Q23*5.5)+(R23*7.5)+(S23*12)))/3)/((F23+G23+H23+I23+J23+K23+L23)*7))*100 -> #DIV/0! | V23: =C23+D23-T23 -> 0
B24: E | E24: =((($B$3*C24)+(12*D24))*$E$4)/7 -> 0 | M24: =(F24+G24+H24+L24)-E24 -> 0 | N24: =(((C24*12)+(12*D24))*$E$4)/((F24+G24+H24+I24+J24+K24+L24)*7)*100 -> #DIV/0! | T24: =SUM(O24:S24) -> 0 | U24: =((((O24*1.5+(P24*3.5)+(Q24*5.5)+(R24*7.5)+(S24*12)))/3)/((F24+G24+H24+I24+J24+K24+L24)*7))*100 -> #DIV/0! | V24: =C24+D24-T24 -> 0
A25: 6 | B25: N | E25: =((($B$3*C25)+(12*D25))*$E$4)/7 -> 0 | M25: =(F25+G25+H25+L25)-E25 -> 0 | N25: =(((C25*12)+(12*D25))*$E$4)/((F25+G25+H25+I25+J25+K25+L25)*7)*100 -> #DIV/0! | T25: =SUM(O25:S25) -> 0 | U25: =((((O25*1.5+(P25*3.5)+(Q25*5.5)+(R25*7.5)+(S25*12)))/3)/((F25+G25+H25+I25+J25+K25+L25)*7))*100 -> #DIV/0! | V25: =C25+D25-T25 -> 0
B26: D | E26: =((($B$3*C26)+(12*D26))*$E$4)/7 -> 0 | M26: =(F26+G26+H26+L26)-E26 -> 0 | N26: =(((C26*12)+(12*D26))*$E$4)/((F26+G26+H26+I26+J26+K26+L26)*7)*100 -> #DIV/0! | T26: =SUM(O26:S26) -> 0 | U26: =((((O26*1.5+(P26*3.5)+(Q26*5.5)+(R26*7.5)+(S26*12)))/3)/((F26+G26+H26+I26+J26+K26+L26)*7))*100 -> #DIV/0! | V26: =C26+D26-T26 -> 0
B27: E | E27: =((($B$3*C27)+(12*D27))*$E$4)/7 -> 0 | M27: =(F27+G27+H27+L27)-E27 -> 0 | N27: =(((C27*12)+(12*D27))*$E$4)/((F27+G27+H27+I27+J27+K27+L27)*7)*100 -> #DIV/0! | T27: =SUM(O27:S27) -> 0 | U27: =((((O27*1.5+(P27*3.5)+(Q27*5.5)+(R27*7.5)+(S27*12)))/3)/((F27+G27+H27+I27+J27+K27+L27)*7))*100 -> #DIV/0! | V27: =C27+D27-T27 -> 0
A28: 7 | B28: N | E28: =((($B$3*C28)+(12*D28))*$E$4)/7 -> 0 | M28: =(F28+G28+H28+L28)-E28 -> 0 | N28: =(((C28*12)+(12*D28))*$E$4)/((F28+G28+H28+I28+J28+K28+L28)*7)*100 -> #DIV/0! | T28: =SUM(O28:S28) -> 0 | U28: =((((O28*1.5+(P28*3.5)+(Q28*5.5)+(R28*7.5)+(S28*12)))/3)/((F28+G28+H28+I28+J28+K28+L28)*7))*100 -> #DIV/0! | V28: =C28+D28-T28 -> 0
B29: D | E29: =((($B$3*C29)+(12*D29))*$E$4)/7 -> 0 | M29: =(F29+G29+H29+L29)-E29 -> 0 | N29: =(((C29*12)+(12*D29))*$E$4)/((F29+G29+H29+I29+J29+K29+L29)*7)*100 -> #DIV/0! | T29: =SUM(O29:S29) -> 0 | U29: =((((O29*1.5+(P29*3.5)+(Q29*5.5)+(R29*7.5)+(S29*12)))/3)/((F29+G29+H29+I29+J29+K29+L29)*7))*100 -> #DIV/0! | V29: =C29+D29-T29 -> 0
B30: E | E30: =((($B$3*C30)+(12*D30))*$E$4)/7 -> 0 | M30: =(F30+G30+H30+L30)-E30 -> 0 | N30: =(((C30*12)+(12*D30))*$E$4)/((F30+G30+H30+I30+J30+K30+L30)*7)*100 -> #DIV/0! | T30: =SUM(O30:S30) -> 0 | U30: =((((O30*1.5+(P30*3.5)+(Q30*5.5)+(R30*7.5)+(S30*12)))/3)/((F30+G30+H30+I30+J30+K30+L30)*7))*100 -> #DIV/0! | V30: =C30+D30-T30 -> 0
A31: 8 | B31: N | E31: =((($B$3*C31)+(12*D31))*$E$4)/7 -> 0 | M31: =(F31+G31+H31+L31)-E31 -> 0 | N31: =(((C31*12)+(12*D31))*$E$4)/((F31+G31+H31+I31+J31+K31+L31)*7)*100 -> #DIV/0! | T31: =SUM(O31:S31) -> 0 | U31: =((((O31*1.5+(P31*3.5)+(Q31*5.5)+(R31*7.5)+(S31*12)))/3)/((F31+G31+H31+I31+J31+K31+L31)*7))*100 -> #DIV/0! | V31: =C31+D31-T31 -> 0
B32: D | E32: =((($B$3*C32)+(12*D32))*$E$4)/7 -> 0 | M32: =(F32+G32+H32+L32)-E32 -> 0 | N32: =(((C32*12)+(12*D32))*$E$4)/((F32+G32+H32+I32+J32+K32+L32)*7)*100 -> #DIV/0! | T32: =SUM(O32:S32) -> 0 | U32: =((((O32*1.5+(P32*3.5)+(Q32*5.5)+(R32*7.5)+(S32*12)))/3)/((F32+G32+H32+I32+J32+K32+L32)*7))*100 -> #DIV/0! | V32: =C32+D32-T32 -> 0
B33: E | E33: =((($B$3*C33)+(12*D33))*$E$4)/7 -> 0 | M33: =(F33+G33+H33+L33)-E33 -> 0 | N33: =(((C33*12)+(12*D33))*$E$4)/((F33+G33+H33+I33+J33+K33+L33)*7)*100 -> #DIV/0! | T33: =SUM(O33:S33) -> 0 | U33: =((((O33*1.5+(P33*3.5)+(Q33*5.5)+(R33*7.5)+(S33*12)))/3)/((F33+G33+H33+I33+J33+K33+L33)*7))*100 -> #DIV/0! | V33: =C33+D33-T33 -> 0
A34: 9 | B34: N | E34: =((($B$3*C34)+(12*D34))*$E$4)/7 -> 0 | M34: =(F34+G34+H34+L34)-E34 -> 0 | N34: =(((C34*12)+(12*D34))*$E$4)/((F34+G34+H34+I34+J34+K34+L34)*7)*100 -> #DIV/0! | T34: =SUM(O34:S34) -> 0 | U34: =((((O34*1.5+(P34*3.5)+(Q34*5.5)+(R34*7.5)+(S34*12)))/3)/((F34+G34+H34+I34+J34+K34+L34)*7))*100 -> #DIV/0! | V34: =C34+D34-T34 -> 0
B35: D | E35: =((($B$3*C35)+(12*D35))*$E$4)/7 -> 0 | M35: =(F35+G35+H35+L35)-E35 -> 0 | N35: =(((C35*12)+(12*D35))*$E$4)/((F35+G35+H35+I35+J35+K35+L35)*7)*100 -> #DIV/0! | T35: =SUM(O35:S35) -> 0 | U35: =((((O35*1.5+(P35*3.5)+(Q35*5.5)+(R35*7.5)+(S35*12)))/3)/((F35+G35+H35+I35+J35+K35+L35)*7))*100 -> #DIV/0! | V35: =C35+D35-T35 -> 0
B36: E | E36: =((($B$3*C36)+(12*D36))*$E$4)/7 -> 0 | M36: =(F36+G36+H36+L36)-E36 -> 0 | N36: =(((C36*12)+(12*D36))*$E$4)/((F36+G36+H36+I36+J36+K36+L36)*7)*100 -> #DIV/0! | T36: =SUM(O36:S36) -> 0 | U36: =((((O36*1.5+(P36*3.5)+(Q36*5.5)+(R36*7.5)+(S36*12)))/3)/((F36+G36+H36+I36+J36+K36+L36)*7))*100 -> #DIV/0! | V36: =C36+D36-T36 -> 0
A37: 10 | B37: N | E37: =((($B$3*C37)+(12*D37))*$E$4)/7 -> 0 | M37: =(F37+G37+H37+L37)-E37 -> 0 | N37: =(((C37*12)+(12*D37))*$E$4)/((F37+G37+H37+I37+J37+K37+L37)*7)*100 -> #DIV/0! | T37: =SUM(O37:S37) -> 0 | U37: =((((O37*1.5+(P37*3.5)+(Q37*5.5)+(R37*7.5)+(S37*12)))/3)/((F37+G37+H37+I37+J37+K37+L37)*7))*100 -> #DIV/0! | V37: =C37+D37-T37 -> 0
B38: D | E38: =((($B$3*C38)+(12*D38))*$E$4)/7 -> 0 | M38: =(F38+G38+H38+L38)-E38 -> 0 | N38: =(((C38*12)+(12*D38))*$E$4)/((F38+G38+H38+I38+J38+K38+L38)*7)*100 -> #DIV/0! | T38: =SUM(O38:S38) -> 0 | U38: =((((O38*1.5+(P38*3.5)+(Q38*5.5)+(R38*7.5)+(S38*12)))/3)/((F38+G38+H38+I38+J38+K38+L38)*7))*100 -> #DIV/0! | V38: =C38+D38-T38 -> 0
B39: E | E39: =((($B$3*C39)+(12*D39))*$E$4)/7 -> 0 | M39: =(F39+G39+H39+L39)-E39 -> 0 | N39: =(((C39*12)+(12*D39))*$E$4)/((F39+G39+H39+I39+J39+K39+L39)*7)*100 -> #DIV/0! | T39: =SUM(O39:S39) -> 0 | U39: =((((O39*1.5+(P39*3.5)+(Q39*5.5)+(R39*7.5)+(S39*12)))/3)/((F39+G39+H39+I39+J39+K39+L39)*7))*100 -> #DIV/0! | V39: =C39+D39-T39 -> 0
A40: 11 | B40: N | E40: =((($B$3*C40)+(12*D40))*$E$4)/7 -> 0 | M40: =(F40+G40+H40+L40)-E40 -> 0 | N40: =(((C40*12)+(12*D40))*$E$4)/((F40+G40+H40+I40+J40+K40+L40)*7)*100 -> #DIV/0! | T40: =SUM(O40:S40) -> 0 | U40: =((((O40*1.5+(P40*3.5)+(Q40*5.5)+(R40*7.5)+(S40*12)))/3)/((F40+G40+H40+I40+J40+K40+L40)*7))*100 -> #DIV/0! | V40: =C40+D40-T40 -> 0
B41: D | E41: =((($B$3*C41)+(12*D41))*$E$4)/7 -> 0 | M41: =(F41+G41+H41+L41)-E41 -> 0 | N41: =(((C41*12)+(12*D41))*$E$4)/((F41+G41+H41+I41+J41+K41+L41)*7)*100 -> #DIV/0! | T41: =SUM(O41:S41) -> 0 | U41: =((((O41*1.5+(P41*3.5)+(Q41*5.5)+(R41*7.5)+(S41*12)))/3)/((F41+G41+H41+I41+J41+K41+L41)*7))*100 -> #DIV/0! | V41: =C41+D41-T41 -> 0
B42: E | E42: =((($B$3*C42)+(12*D42))*$E$4)/7 -> 0 | M42: =(F42+G42+H42+L42)-E42 -> 0 | N42: =(((C42*12)+(12*D42))*$E$4)/((F42+G42+H42+I42+J42+K42+L42)*7)*100 -> #DIV/0! | T42: =SUM(O42:S42) -> 0 | U42: =((((O42*1.5+(P42*3.5)+(Q42*5.5)+(R42*7.5)+(S42*12)))/3)/((F42+G42+H42+I42+J42+K42+L42)*7))*100 -> #DIV/0! | V42: =C42+D42-T42 -> 0
A43: 12 | B43: N | E43: =((($B$3*C43)+(12*D43))*$E$4)/7 -> 0 | M43: =(F43+G43+H43+L43)-E43 -> 0 | N43: =(((C43*12)+(12*D43))*$E$4)/((F43+G43+H43+I43+J43+K43+L43)*7)*100 -> #DIV/0! | T43: =SUM(O43:S43) -> 0 | U43: =((((O43*1.5+(P43*3.5)+(Q43*5.5)+(R43*7.5)+(S43*12)))/3)/((F43+G43+H43+I43+J43+K43+L43)*7))*100 -> #DIV/0! | V43: =C43+D43-T43 -> 0
B44: D | E44: =((($B$3*C44)+(12*D44))*$E$4)/7 -> 0 | M44: =(F44+G44+H44+L44)-E44 -> 0 | N44: =(((C44*12)+(12*D44))*$E$4)/((F44+G44+H44+I44+J44+K44+L44)*7)*100 -> #DIV/0! | T44: =SUM(O44:S44) -> 0 | U44: =((((O44*1.5+(P44*3.5)+(Q44*5.5)+(R44*7.5)+(S44*12)))/3)/((F44+G44+H44+I44+J44+K44+L44)*7))*100 -> #DIV/0! | V44: =C44+D44-T44 -> 0
B45: E | E45: =((($B$3*C45)+(12*D45))*$E$4)/7 -> 0 | M45: =(F45+G45+H45+L45)-E45 -> 0 | N45: =(((C45*12)+(12*D45))*$E$4)/((F45+G45+H45+I45+J45+K45+L45)*7)*100 -> #DIV/0! | T45: =SUM(O45:S45) -> 0 | U45: =((((O45*1.5+(P45*3.5)+(Q45*5.5)+(R45*7.5)+(S45*12)))/3)/((F45+G45+H45+I45+J45+K45+L45)*7))*100 -> #DIV/0! | V45: =C45+D45-T45 -> 0
A46: 13 | B46: N | E46: =((($B$3*C46)+(12*D46))*$E$4)/7 -> 0 | M46: =(F46+G46+H46+L46)-E46 -> 0 | N46: =(((C46*12)+(12*D46))*$E$4)/((F46+G46+H46+I46+J46+K46+L46)*7)*100 -> #DIV/0! | T46: =SUM(O46:S46) -> 0 | U46: =((((O46*1.5+(P46*3.5)+(Q46*5.5)+(R46*7.5)+(S46*12)))/3)/((F46+G46+H46+I46+J46+K46+L46)*7))*100 -> #DIV/0! | V46: =C46+D46-T46 -> 0
B47: D | E47: =((($B$3*C47)+(12*D47))*$E$4)/7 -> 0 | M47: =(F47+G47+H47+L47)-E47 -> 0 | N47: =(((C47*12)+(12*D47))*$E$4)/((F47+G47+H47+I47+J47+K47+L47)*7)*100 -> #DIV/0! | T47: =SUM(O47:S47) -> 0 | U47: =((((O47*1.5+(P47*3.5)+(Q47*5.5)+(R47*7.5)+(S47*12)))/3)/((F47+G47+H47+I47+J47+K47+L47)*7))*100 -> #DIV/0! | V47: =C47+D47-T47 -> 0
B48: E | E48: =((($B$3*C48)+(12*D48))*$E$4)/7 -> 0 | M48: =(F48+G48+H48+L48)-E48 -> 0 | N48: =(((C48*12)+(12*D48))*$E$4)/((F48+G48+H48+I48+J48+K48+L48)*7)*100 -> #DIV/0! | T48: =SUM(O48:S48) -> 0 | U48: =((((O48*1.5+(P48*3.5)+(Q48*5.5)+(R48*7.5)+(S48*12)))/3)/((F48+G48+H48+I48+J48+K48+L48)*7))*100 -> #DIV/0! | V48: =C48+D48-T48 -> 0
A49: 14 | B49: N | E49: =((($B$3*C49)+(12*D49))*$E$4)/7 -> 0 | M49: =(F49+G49+H49+L49)-E49 -> 0 | N49: =(((C49*12)+(12*D49))*$E$4)/((F49+G49+H49+I49+J49+K49+L49)*7)*100 -> #DIV/0! | T49: =SUM(O49:S49) -> 0 | U49: =((((O49*1.5+(P49*3.5)+(Q49*5.5)+(R49*7.5)+(S49*12)))/3)/((F49+G49+H49+I49+J49+K49+L49)*7))*100 -> #DIV/0! | V49: =C49+D49-T49 -> 0
B50: D | E50: =((($B$3*C50)+(12*D50))*$E$4)/7 -> 0 | M50: =(F50+G50+H50+L50)-E50 -> 0 | N50: =(((C50*12)+(12*D50))*$E$4)/((F50+G50+H50+I50+J50+K50+L50)*7)*100 -> #DIV/0! | T50: =SUM(O50:S50) -> 0 | U50: =((((O50*1.5+(P50*3.5)+(Q50*5.5)+(R50*7.5)+(S50*12)))/3)/((F50+G50+H50+I50+J50+K50+L50)*7))*100 -> #DIV/0! | V50: =C50+D50-T50 -> 0
B51: E | E51: =((($B$3*C51)+(12*D51))*$E$4)/7 -> 0 | M51: =(F51+G51+H51+L51)-E51 -> 0 | N51: =(((C51*12)+(12*D51))*$E$4)/((F51+G51+H51+I51+J51+K51+L51)*7)*100 -> #DIV/0! | T51: =SUM(O51:S51) -> 0 | U51: =((((O51*1.5+(P51*3.5)+(Q51*5.5)+(R51*7.5)+(S51*12)))/3)/((F51+G51+H51+I51+J51+K51+L51)*7))*100 -> #DIV/0! | V51: =C51+D51-T51 -> 0
A52: 15 | B52: N | E52: =((($B$3*C52)+(12*D52))*$E$4)/7 -> 0 | M52: =(F52+G52+H52+L52)-E52 -> 0 | N52: =(((C52*12)+(12*D52))*$E$4)/((F52+G52+H52+I52+J52+K52+L52)*7)*100 -> #DIV/0! | T52: =SUM(O52:S52) -> 0 | U52: =((((O52*1.5+(P52*3.5)+(Q52*5.5)+(R52*7.5)+(S52*12)))/3)/((F52+G52+H52+I52+J52+K52+L52)*7))*100 -> #DIV/0! | V52: =C52+D52-T52 -> 0
B53: D | E53: =((($B$3*C53)+(12*D53))*$E$4)/7 -> 0 | M53: =(F53+G53+H53+L53)-E53 -> 0 | N53: =(((C53*12)+(12*D53))*$E$4)/((F53+G53+H53+I53+J53+K53+L53)*7)*100 -> #DIV/0! | T53: =SUM(O53:S53) -> 0 | U53: =((((O53*1.5+(P53*3.5)+(Q53*5.5)+(R53*7.5)+(S53*12)))/3)/((F53+G53+H53+I53+J53+K53+L53)*7))*100 -> #DIV/0! | V53: =C53+D53-T53 -> 0
B54: E | E54: =((($B$3*C54)+(12*D54))*$E$4)/7 -> 0 | M54: =(F54+G54+H54+L54)-E54 -> 0 | N54: =(((C54*12)+(12*D54))*$E$4)/((F54+G54+H54+I54+J54+K54+L54)*7)*100 -> #DIV/0! | T54: =SUM(O54:S54) -> 0 | U54: =((((O54*1.5+(P54*3.5)+(Q54*5.5)+(R54*7.5)+(S54*12)))/3)/((F54+G54+H54+I54+J54+K54+L54)*7))*100 -> #DIV/0! | V54: =C54+D54-T54 -> 0
A55: 16 | B55: N | E55: =((($B$3*C55)+(12*D55))*$E$4)/7 -> 0 | M55: =(F55+G55+H55+L55)-E55 -> 0 | N55: =(((C55*12)+(12*D55))*$E$4)/((F55+G55+H55+I55+J55+K55+L55)*7)*100 -> #DIV/0! | T55: =SUM(O55:S55) -> 0 | U55: =((((O55*1.5+(P55*3.5)+(Q55*5.5)+(R55*7.5)+(S55*12)))/3)/((F55+G55+H55+I55+J55+K55+L55)*7))*100 -> #DIV/0! | V55: =C55+D55-T55 -> 0
B56: D | E56: =((($B$3*C56)+(12*D56))*$E$4)/7 -> 0 | M56: =(F56+G56+H56+L56)-E56 -> 0 | N56: =(((C56*12)+(12*D56))*$E$4)/((F56+G56+H56+I56+J56+K56+L56)*7)*100 -> #DIV/0! | T56: =SUM(O56:S56) -> 0 | U56: =((((O56*1.5+(P56*3.5)+(Q56*5.5)+(R56*7.5)+(S56*12)))/3)/((F56+G56+H56+I56+J56+K56+L56)*7))*100 -> #DIV/0! | V56: =C56+D56-T56 -> 0
B57: E | E57: =((($B$3*C57)+(12*D57))*$E$4)/7 -> 0 | M57: =(F57+G57+H57+L57)-E57 -> 0 | N57: =(((C57*12)+(12*D57))*$E$4)/((F57+G57+H57+I57+J57+K57+L57)*7)*100 -> #DIV/0! | T57: =SUM(O57:S57) -> 0 | U57: =((((O57*1.5+(P57*3.5)+(Q57*5.5)+(R57*7.5)+(S57*12)))/3)/((F57+G57+H57+I57+J57+K57+L57)*7))*100 -> #DIV/0! | V57: =C57+D57-T57 -> 0
A58: 17 | B58: N | E58: =((($B$3*C58)+(12*D58))*$E$4)/7 -> 0 | M58: =(F58+G58+H58+L58)-E58 -> 0 | N58: =(((C58*12)+(12*D58))*$E$4)/((F58+G58+H58+I58+J58+K58+L58)*7)*100 -> #DIV/0! | T58: =SUM(O58:S58) -> 0 | U58: =((((O58*1.5+(P58*3.5)+(Q58*5.5)+(R58*7.5)+(S58*12)))/3)/((F58+G58+H58+I58+J58+K58+L58)*7))*100 -> #DIV/0! | V58: =C58+D58-T58 -> 0
B59: D | E59: =((($B$3*C59)+(12*D59))*$E$4)/7 -> 0 | M59: =(F59+G59+H59+L59)-E59 -> 0 | N59: =(((C59*12)+(12*D59))*$E$4)/((F59+G59+H59+I59+J59+K59+L59)*7)*100 -> #DIV/0! | T59: =SUM(O59:S59) -> 0 | U59: =((((O59*1.5+(P59*3.5)+(Q59*5.5)+(R59*7.5)+(S59*12)))/3)/((F59+G59+H59+I59+J59+K59+L59)*7))*100 -> #DIV/0! | V59: =C59+D59-T59 -> 0
B60: E | E60: =((($B$3*C60)+(12*D60))*$E$4)/7 -> 0 | M60: =(F60+G60+H60+L60)-E60 -> 0 | N60: =(((C60*12)+(12*D60))*$E$4)/((F60+G60+H60+I60+J60+K60+L60)*7)*100 -> #DIV/0! | T60: =SUM(O60:S60) -> 0 | U60: =((((O60*1.5+(P60*3.5)+(Q60*5.5)+(R60*7.5)+(S60*12)))/3)/((F60+G60+H60+I60+J60+K60+L60)*7))*100 -> #DIV/0! | V60: =C60+D60-T60 -> 0
A61: 18 | B61: N | E61: =((($B$3*C61)+(12*D61))*$E$4)/7 -> 0 | M61: =(F61+G61+H61+L61)-E61 -> 0 | N61: =(((C61*12)+(12*D61))*$E$4)/((F61+G61+H61+I61+J61+K61+L61)*7)*100 -> #DIV/0! | T61: =SUM(O61:S61) -> 0 | U61: =((((O61*1.5+(P61*3.5)+(Q61*5.5)+(R61*7.5)+(S61*12)))/3)/((F61+G61+H61+I61+J61+K61+L61)*7))*100 -> #DIV/0! | V61: =C61+D61-T61 -> 0
B62: D | E62: =((($B$3*C62)+(12*D62))*$E$4)/7 -> 0 | M62: =(F62+G62+H62+L62)-E62 -> 0 | N62: =(((C62*12)+(12*D62))*$E$4)/((F62+G62+H62+I62+J62+K62+L62)*7)*100 -> #DIV/0! | T62: =SUM(O62:S62) -> 0 | U62: =((((O62*1.5+(P62*3.5)+(Q62*5.5)+(R62*7.5)+(S62*12)))/3)/((F62+G62+H62+I62+J62+K62+L62)*7))*100 -> #DIV/0! | V62: =C62+D62-T62 -> 0
B63: E | E63: =((($B$3*C63)+(12*D63))*$E$4)/7 -> 0 | M63: =(F63+G63+H63+L63)-E63 -> 0 | N63: =(((C63*12)+(12*D63))*$E$4)/((F63+G63+H63+I63+J63+K63+L63)*7)*100 -> #DIV/0! | T63: =SUM(O63:S63) -> 0 | U63: =((((O63*1.5+(P63*3.5)+(Q63*5.5)+(R63*7.5)+(S63*12)))/3)/((F63+G63+H63+I63+J63+K63+L63)*7))*100 -> #DIV/0! | V63: =C63+D63-T63 -> 0
A64: 19 | B64: N | E64: =((($B$3*C64)+(12*D64))*$E$4)/7 -> 0 | M64: =(F64+G64+H64+L64)-E64 -> 0 | N64: =(((C64*12)+(12*D64))*$E$4)/((F64+G64+H64+I64+J64+K64+L64)*7)*100 -> #DIV/0! | T64: =SUM(O64:S64) -> 0 | U64: =((((O64*1.5+(P64*3.5)+(Q64*5.5)+(R64*7.5)+(S64*12)))/3)/((F64+G64+H64+I64+J64+K64+L64)*7))*100 -> #DIV/0! | V64: =C64+D64-T64 -> 0
B65: D | E65: =((($B$3*C65)+(12*D65))*$E$4)/7 -> 0 | M65: =(F65+G65+H65+L65)-E65 -> 0 | N65: =(((C65*12)+(12*D65))*$E$4)/((F65+G65+H65+I65+J65+K65+L65)*7)*100 -> #DIV/0! | T65: =SUM(O65:S65) -> 0 | U65: =((((O65*1.5+(P65*3.5)+(Q65*5.5)+(R65*7.5)+(S65*12)))/3)/((F65+G65+H65+I65+J65+K65+L65)*7))*100 -> #DIV/0! | V65: =C65+D65-T65 -> 0
B66: E | E66: =((($B$3*C66)+(12*D66))*$E$4)/7 -> 0 | M66: =(F66+G66+H66+L66)-E66 -> 0 | N66: =(((C66*12)+(12*D66))*$E$4)/((F66+G66+H66+I66+J66+K66+L66)*7)*100 -> #DIV/0! | T66: =SUM(O66:S66) -> 0 | U66: =((((O66*1.5+(P66*3.5)+(Q66*5.5)+(R66*7.5)+(S66*12)))/3)/((F66+G66+H66+I66+J66+K66+L66)*7))*100 -> #DIV/0! | V66: =C66+D66-T66 -> 0
A67: 20 | B67: N | E67: =((($B$3*C67)+(12*D67))*$E$4)/7 -> 0 | M67: =(F67+G67+H67+L67)-E67 -> 0 | N67: =(((C67*12)+(12*D67))*$E$4)/((F67+G67+H67+I67+J67+K67+L67)*7)*100 -> #DIV/0! | T67: =SUM(O67:S67) -> 0 | U67: =((((O67*1.5+(P67*3.5)+(Q67*5.5)+(R67*7.5)+(S67*12)))/3)/((F67+G67+H67+I67+J67+K67+L67)*7))*100 -> #DIV/0! | V67: =C67+D67-T67 -> 0
B68: D | E68: =((($B$3*C68)+(12*D68))*$E$4)/7 -> 0 | M68: =(F68+G68+H68+L68)-E68 -> 0 | N68: =(((C68*12)+(12*D68))*$E$4)/((F68+G68+H68+I68+J68+K68+L68)*7)*100 -> #DIV/0! | T68: =SUM(O68:S68) -> 0 | U68: =((((O68*1.5+(P68*3.5)+(Q68*5.5)+(R68*7.5)+(S68*12)))/3)/((F68+G68+H68+I68+J68+K68+L68)*7))*100 -> #DIV/0! | V68: =C68+D68-T68 -> 0
B69: E | E69: =((($B$3*C69)+(12*D69))*$E$4)/7 -> 0 | M69: =(F69+G69+H69+L69)-E69 -> 0 | N69: =(((C69*12)+(12*D69))*$E$4)/((F69+G69+H69+I69+J69+K69+L69)*7)*100 -> #DIV/0! | T69: =SUM(O69:S69) -> 0 | U69: =((((O69*1.5+(P69*3.5)+(Q69*5.5)+(R69*7.5)+(S69*12)))/3)/((F69+G69+H69+I69+J69+K69+L69)*7))*100 -> #DIV/0! | V69: =C69+D69-T69 -> 0
A70: 21 | B70: N | E70: =((($B$3*C70)+(12*D70))*$E$4)/7 -> 0 | M70: =(F70+G70+H70+L70)-E70 -> 0 | N70: =(((C70*12)+(12*D70))*$E$4)/((F70+G70+H70+I70+J70+K70+L70)*7)*100 -> #DIV/0! | T70: =SUM(O70:S70) -> 0 | U70: =((((O70*1.5+(P70*3.5)+(Q70*5.5)+(R70*7.5)+(S70*12)))/3)/((F70+G70+H70+I70+J70+K70+L70)*7))*100 -> #DIV/0! | V70: =C70+D70-T70 -> 0
B71: D | E71: =((($B$3*C71)+(12*D71))*$E$4)/7 -> 0 | M71: =(F71+G71+H71+L71)-E71 -> 0 | N71: =(((C71*12)+(12*D71))*$E$4)/((F71+G71+H71+I71+J71+K71+L71)*7)*100 -> #DIV/0! | T71: =SUM(O71:S71) -> 0 | U71: =((((O71*1.5+(P71*3.5)+(Q71*5.5)+(R71*7.5)+(S71*12)))/3)/((F71+G71+H71+I71+J71+K71+L71)*7))*100 -> #DIV/0! | V71: =C71+D71-T71 -> 0
B72: E | E72: =((($B$3*C72)+(12*D72))*$E$4)/7 -> 0 | M72: =(F72+G72+H72+L72)-E72 -> 0 | N72: =(((C72*12)+(12*D72))*$E$4)/((F72+G72+H72+I72+J72+K72+L72)*7)*100 -> #DIV/0! | T72: =SUM(O72:S72) -> 0 | U72: =((((O72*1.5+(P72*3.5)+(Q72*5.5)+(R72*7.5)+(S72*12)))/3)/((F72+G72+H72+I72+J72+K72+L72)*7))*100 -> #DIV/0! | V72: =C72+D72-T72 -> 0
A73: 22 | B73: N | E73: =((($B$3*C73)+(12*D73))*$E$4)/7 -> 0 | M73: =(F73+G73+H73+L73)-E73 -> 0 | N73: =(((C73*12)+(12*D73))*$E$4)/((F73+G73+H73+I73+J73+K73+L73)*7)*100 -> #DIV/0! | T73: =SUM(O73:S73) -> 0 | U73: =((((O73*1.5+(P73*3.5)+(Q73*5.5)+(R73*7.5)+(S73*12)))/3)/((F73+G73+H73+I73+J73+K73+L73)*7))*100 -> #DIV/0! | V73: =C73+D73-T73 -> 0
B74: D | E74: =((($B$3*C74)+(12*D74))*$E$4)/7 -> 0 | M74: =(F74+G74+H74+L74)-E74 -> 0 | N74: =(((C74*12)+(12*D74))*$E$4)/((F74+G74+H74+I74+J74+K74+L74)*7)*100 -> #DIV/0! | T74: =SUM(O74:S74) -> 0 | U74: =((((O74*1.5+(P74*3.5)+(Q74*5.5)+(R74*7.5)+(S74*12)))/3)/((F74+G74+H74+I74+J74+K74+L74)*7))*100 -> #DIV/0! | V74: =C74+D74-T74 -> 0
B75: E | E75: =((($B$3*C75)+(12*D75))*$E$4)/7 -> 0 | M75: =(F75+G75+H75+L75)-E75 -> 0 | N75: =(((C75*12)+(12*D75))*$E$4)/((F75+G75+H75+I75+J75+K75+L75)*7)*100 -> #DIV/0! | T75: =SUM(O75:S75) -> 0 | U75: =((((O75*1.5+(P75*3.5)+(Q75*5.5)+(R75*7.5)+(S75*12)))/3)/((F75+G75+H75+I75+J75+K75+L75)*7))*100 -> #DIV/0! | V75: =C75+D75-T75 -> 0
A76: 23 | B76: N | E76: =((($B$3*C76)+(12*D76))*$E$4)/7 -> 0 | M76: =(F76+G76+H76+L76)-E76 -> 0 | N76: =(((C76*12)+(12*D76))*$E$4)/((F76+G76+H76+I76+J76+K76+L76)*7)*100 -> #DIV/0! | T76: =SUM(O76:S76) -> 0 | U76: =((((O76*1.5+(P76*3.5)+(Q76*5.5)+(R76*7.5)+(S76*12)))/3)/((F76+G76+H76+I76+J76+K76+L76)*7))*100 -> #DIV/0! | V76: =C76+D76-T76 -> 0
B77: D | E77: =((($B$3*C77)+(12*D77))*$E$4)/7 -> 0 | M77: =(F77+G77+H77+L77)-E77 -> 0 | N77: =(((C77*12)+(12*D77))*$E$4)/((F77+G77+H77+I77+J77+K77+L77)*7)*100 -> #DIV/0! | T77: =SUM(O77:S77) -> 0 | U77: =((((O77*1.5+(P77*3.5)+(Q77*5.5)+(R77*7.5)+(S77*12)))/3)/((F77+G77+H77+I77+J77+K77+L77)*7))*100 -> #DIV/0! | V77: =C77+D77-T77 -> 0
B78: E | E78: =((($B$3*C78)+(12*D78))*$E$4)/7 -> 0 | M78: =(F78+G78+H78+L78)-E78 -> 0 | N78: =(((C78*12)+(12*D78))*$E$4)/((F78+G78+H78+I78+J78+K78+L78)*7)*100 -> #DIV/0! | T78: =SUM(O78:S78) -> 0 | U78: =((((O78*1.5+(P78*3.5)+(Q78*5.5)+(R78*7.5)+(S78*12)))/3)/((F78+G78+H78+I78+J78+K78+L78)*7))*100 -> #DIV/0! | V78: =C78+D78-T78 -> 0
A79: 24 | B79: N | E79: =((($B$3*C79)+(12*D79))*$E$4)/7 -> 0 | M79: =(F79+G79+H79+L79)-E79 -> 0 | N79: =(((C79*12)+(12*D79))*$E$4)/((F79+G79+H79+I79+J79+K79+L79)*7)*100 -> #DIV/0! | T79: =SUM(O79:S79) -> 0 | U79: =((((O79*1.5+(P79*3.5)+(Q79*5.5)+(R79*7.5)+(S79*12)))/3)/((F79+G79+H79+I79+J79+K79+L79)*7))*100 -> #DIV/0! | V79: =C79+D79-T79 -> 0
B80: D | E80: =((($B$3*C80)+(12*D80))*$E$4)/7 -> 0 | M80: =(F80+G80+H80+L80)-E80 -> 0 | N80: =(((C80*12)+(12*D80))*$E$4)/((F80+G80+H80+I80+J80+K80+L80)*7)*100 -> #DIV/0! | T80: =SUM(O80:S80) -> 0 | U80: =((((O80*1.5+(P80*3.5)+(Q80*5.5)+(R80*7.5)+(S80*12)))/3)/((F80+G80+H80+I80+J80+K80+L80)*7))*100 -> #DIV/0! | V80: =C80+D80-T80 -> 0
B81: E | E81: =((($B$3*C81)+(12*D81))*$E$4)/7 -> 0 | M81: =(F81+G81+H81+L81)-E81 -> 0 | N81: =(((C81*12)+(12*D81))*$E$4)/((F81+G81+H81+I81+J81+K81+L81)*7)*100 -> #DIV/0! | T81: =SUM(O81:S81) -> 0 | U81: =((((O81*1.5+(P81*3.5)+(Q81*5.5)+(R81*7.5)+(S81*12)))/3)/((F81+G81+H81+I81+J81+K81+L81)*7))*100 -> #DIV/0! | V81: =C81+D81-T81 -> 0
A82: 25 | B82: N | E82: =((($B$3*C82)+(12*D82))*$E$4)/7 -> 0 | M82: =(F82+G82+H82+L82)-E82 -> 0 | N82: =(((C82*12)+(12*D82))*$E$4)/((F82+G82+H82+I82+J82+K82+L82)*7)*100 -> #DIV/0! | T82: =SUM(O82:S82) -> 0 | U82: =((((O82*1.5+(P82*3.5)+(Q82*5.5)+(R82*7.5)+(S82*12)))/3)/((F82+G82+H82+I82+J82+K82+L82)*7))*100 -> #DIV/0! | V82: =C82+D82-T82 -> 0
B83: D | E83: =((($B$3*C83)+(12*D83))*$E$4)/7 -> 0 | M83: =(F83+G83+H83+L83)-E83 -> 0 | N83: =(((C83*12)+(12*D83))*$E$4)/((F83+G83+H83+I83+J83+K83+L83)*7)*100 -> #DIV/0! | T83: =SUM(O83:S83) -> 0 | U83: =((((O83*1.5+(P83*3.5)+(Q83*5.5)+(R83*7.5)+(S83*12)))/3)/((F83+G83+H83+I83+J83+K83+L83)*7))*100 -> #DIV/0! | V83: =C83+D83-T83 -> 0
B84: E | E84: =((($B$3*C84)+(12*D84))*$E$4)/7 -> 0 | M84: =(F84+G84+H84+L84)-E84 -> 0 | N84: =(((C84*12)+(12*D84))*$E$4)/((F84+G84+H84+I84+J84+K84+L84)*7)*100 -> #DIV/0! | T84: =SUM(O84:S84) -> 0 | U84: =((((O84*1.5+(P84*3.5)+(Q84*5.5)+(R84*7.5)+(S84*12)))/3)/((F84+G84+H84+I84+J84+K84+L84)*7))*100 -> #DIV/0! | V84: =C84+D84-T84 -> 0
A85: 26 | B85: N | E85: =((($B$3*C85)+(12*D85))*$E$4)/7 -> 0 | M85: =(F85+G85+H85+L85)-E85 -> 0 | N85: =(((C85*12)+(12*D85))*$E$4)/((F85+G85+H85+I85+J85+K85+L85)*7)*100 -> #DIV/0! | T85: =SUM(O85:S85) -> 0 | U85: =((((O85*1.5+(P85*3.5)+(Q85*5.5)+(R85*7.5)+(S85*12)))/3)/((F85+G85+H85+I85+J85+K85+L85)*7))*100 -> #DIV/0! | V85: =C85+D85-T85 -> 0
B86: D | E86: =((($B$3*C86)+(12*D86))*$E$4)/7 -> 0 | M86: =(F86+G86+H86+L86)-E86 -> 0 | N86: =(((C86*12)+(12*D86))*$E$4)/((F86+G86+H86+I86+J86+K86+L86)*7)*100 -> #DIV/0! | T86: =SUM(O86:S86) -> 0 | U86: =((((O86*1.5+(P86*3.5)+(Q86*5.5)+(R86*7.5)+(S86*12)))/3)/((F86+G86+H86+I86+J86+K86+L86)*7))*100 -> #DIV/0! | V86: =C86+D86-T86 -> 0
B87: E | E87: =((($B$3*C87)+(12*D87))*$E$4)/7 -> 0 | M87: =(F87+G87+H87+L87)-E87 -> 0 | N87: =(((C87*12)+(12*D87))*$E$4)/((F87+G87+H87+I87+J87+K87+L87)*7)*100 -> #DIV/0! | T87: =SUM(O87:S87) -> 0 | U87: =((((O87*1.5+(P87*3.5)+(Q87*5.5)+(R87*7.5)+(S87*12)))/3)/((F87+G87+H87+I87+J87+K87+L87)*7))*100 -> #DIV/0! | V87: =C87+D87-T87 -> 0
A88: 27 | B88: N | E88: =((($B$3*C88)+(12*D88))*$E$4)/7 -> 0 | M88: =(F88+G88+H88+L88)-E88 -> 0 | N88: =(((C88*12)+(12*D88))*$E$4)/((F88+G88+H88+I88+J88+K88+L88)*7)*100 -> #DIV/0! | T88: =SUM(O88:S88) -> 0 | U88: =((((O88*1.5+(P88*3.5)+(Q88*5.5)+(R88*7.5)+(S88*12)))/3)/((F88+G88+H88+I88+J88+K88+L88)*7))*100 -> #DIV/0! | V88: =C88+D88-T88 -> 0
B89: D | E89: =((($B$3*C89)+(12*D89))*$E$4)/7 -> 0 | M89: =(F89+G89+H89+L89)-E89 -> 0 | N89: =(((C89*12)+(12*D89))*$E$4)/((F89+G89+H89+I89+J89+K89+L89)*7)*100 -> #DIV/0! | T89: =SUM(O89:S89) -> 0 | U89: =((((O89*1.5+(P89*3.5)+(Q89*5.5)+(R89*7.5)+(S89*12)))/3)/((F89+G89+H89+I89+J89+K89+L89)*7))*100 -> #DIV/0! | V89: =C89+D89-T89 -> 0
B90: E | E90: =((($B$3*C90)+(12*D90))*$E$4)/7 -> 0 | M90: =(F90+G90+H90+L90)-E90 -> 0 | N90: =(((C90*12)+(12*D90))*$E$4)/((F90+G90+H90+I90+J90+K90+L90)*7)*100 -> #DIV/0! | T90: =SUM(O90:S90) -> 0 | U90: =((((O90*1.5+(P90*3.5)+(Q90*5.5)+(R90*7.5)+(S90*12)))/3)/((F90+G90+H90+I90+J90+K90+L90)*7))*100 -> #DIV/0! | V90: =C90+D90-T90 -> 0
A91: 28 | B91: N | E91: =((($B$3*C91)+(12*D91))*$E$4)/7 -> 0 | M91: =(F91+G91+H91+L91)-E91 -> 0 | N91: =(((C91*12)+(12*D91))*$E$4)/((F91+G91+H91+I91+J91+K91+L91)*7)*100 -> #DIV/0! | T91: =SUM(O91:S91) -> 0 | U91: =((((O91*1.5+(P91*3.5)+(Q91*5.5)+(R91*7.5)+(S91*12)))/3)/((F91+G91+H91+I91+J91+K91+L91)*7))*100 -> #DIV/0! | V91: =C91+D91-T91 -> 0
B92: D | E92: =((($B$3*C92)+(12*D92))*$E$4)/7 -> 0 | M92: =(F92+G92+H92+L92)-E92 -> 0 | N92: =(((C92*12)+(12*D92))*$E$4)/((F92+G92+H92+I92+J92+K92+L92)*7)*100 -> #DIV/0! | T92: =SUM(O92:S92) -> 0 | U92: =((((O92*1.5+(P92*3.5)+(Q92*5.5)+(R92*7.5)+(S92*12)))/3)/((F92+G92+H92+I92+J92+K92+L92)*7))*100 -> #DIV/0! | V92: =C92+D92-T92 -> 0
B93: E | E93: =((($B$3*C93)+(12*D93))*$E$4)/7 -> 0 | M93: =(F93+G93+H93+L93)-E93 -> 0 | N93: =(((C93*12)+(12*D93))*$E$4)/((F93+G93+H93+I93+J93+K93+L93)*7)*100 -> #DIV/0! | T93: =SUM(O93:S93) -> 0 | U93: =((((O93*1.5+(P93*3.5)+(Q93*5.5)+(R93*7.5)+(S93*12)))/3)/((F93+G93+H93+I93+J93+K93+L93)*7))*100 -> #DIV/0! | V93: =C93+D93-T93 -> 0
A94: 29 | B94: N | E94: =((($B$3*C94)+(12*D94))*$E$4)/7 -> 0 | M94: =(F94+G94+H94+L94)-E94 -> 0 | N94: =(((C94*12)+(12*D94))*$E$4)/((F94+G94+H94+I94+J94+K94+L94)*7)*100 -> #DIV/0! | T94: =SUM(O94:S94) -> 0 | U94: =((((O94*1.5+(P94*3.5)+(Q94*5.5)+(R94*7.5)+(S94*12)))/3)/((F94+G94+H94+I94+J94+K94+L94)*7))*100 -> #DIV/0! | V94: =C94+D94-T94 -> 0
B95: D | E95: =((($B$3*C95)+(12*D95))*$E$4)/7 -> 0 | M95: =(F95+G95+H95+L95)-E95 -> 0 | N95: =(((C95*12)+(12*D95))*$E$4)/((F95+G95+H95+I95+J95+K95+L95)*7)*100 -> #DIV/0! | T95: =SUM(O95:S95) -> 0 | U95: =((((O95*1.5+(P95*3.5)+(Q95*5.5)+(R95*7.5)+(S95*12)))/3)/((F95+G95+H95+I95+J95+K95+L95)*7))*100 -> #DIV/0! | V95: =C95+D95-T95 -> 0
B96: E | E96: =((($B$3*C96)+(12*D96))*$E$4)/7 -> 0 | M96: =(F96+G96+H96+L96)-E96 -> 0 | N96: =(((C96*12)+(12*D96))*$E$4)/((F96+G96+H96+I96+J96+K96+L96)*7)*100 -> #DIV/0! | T96: =SUM(O96:S96) -> 0 | U96: =((((O96*1.5+(P96*3.5)+(Q96*5.5)+(R96*7.5)+(S96*12)))/3)/((F96+G96+H96+I96+J96+K96+L96)*7))*100 -> #DIV/0! | V96: =C96+D96-T96 -> 0
A97: 30 | B97: N | E97: =((($B$3*C97)+(12*D97))*$E$4)/7 -> 0 | M97: =(F97+G97+H97+L97)-E97 -> 0 | N97: =(((C97*12)+(12*D97))*$E$4)/((F97+G97+H97+I97+J97+K97+L97)*7)*100 -> #DIV/0! | T97: =SUM(O97:S97) -> 0 | U97: =((((O97*1.5+(P97*3.5)+(Q97*5.5)+(R97*7.5)+(S97*12)))/3)/((F97+G97+H97+I97+J97+K97+L97)*7))*100 -> #DIV/0! | V97: =C97+D97-T97 -> 0
B98: D | E98: =((($B$3*C98)+(12*D98))*$E$4)/7 -> 0 | M98: =(F98+G98+H98+L98)-E98 -> 0 | N98: =(((C98*12)+(12*D98))*$E$4)/((F98+G98+H98+I98+J98+K98+L98)*7)*100 -> #DIV/0! | T98: =SUM(O98:S98) -> 0 | U98: =((((O98*1.5+(P98*3.5)+(Q98*5.5)+(R98*7.5)+(S98*12)))/3)/((F98+G98+H98+I98+J98+K98+L98)*7))*100 -> #DIV/0! | V98: =C98+D98-T98 -> 0
B99: E | E99: =((($B$3*C99)+(12*D99))*$E$4)/7 -> 0 | M99: =(F99+G99+H99+L99)-E99 -> 0 | N99: =(((C99*12)+(12*D99))*$E$4)/((F99+G99+H99+I99+J99+K99+L99)*7)*100 -> #DIV/0! | T99: =SUM(O99:S99) -> 0 | U99: =((((O99*1.5+(P99*3.5)+(Q99*5.5)+(R99*7.5)+(S99*12)))/3)/((F99+G99+H99+I99+J99+K99+L99)*7))*100 -> #DIV/0! | V99: =C99+D99-T99 -> 0
A100: 31 | B100: N | E100: =((($B$3*C100)+(12*D100))*$E$4)/7 -> 0 | M100: =(F100+G100+H100+L100)-E100 -> 0 | N100: =(((C100*12)+(12*D100))*$E$4)/((F100+G100+H100+I100+J100+K100+L100)*7)*100 -> #DIV/0! | T100: =SUM(O100:S100) -> 0 | U100: =((((O100*1.5+(P100*3.5)+(Q100*5.5)+(R100*7.5)+(S100*12)))/3)/((F100+G100+H100+I100+J100+K100+L100)*7))*100 -> #DIV/0! | V100: =C100+D100-T100 -> 0
...

Sheet พย
A1: การคิด FTEรายวัน
A2: หอผู้ป่วยทารกวิกฤติประจำเดือนพฤศจิกายน.พ.ศ.2567
A3: NN ผู้ป่วยต่อคน | B3: 4.5 | C3: สัดส่วนตามเวร | E3: N | I3: D | M3: E | O3: ค่าเวร | Q3: =((F103+F105)*240)+((G103+G105)*180) -> #REF! | S3: บาท
E4: 0.25 | I4: 0.4 | M4: 0.35 | O4: ค่าOT | Q4: =((I103+L103+I104+L104+I105+L105)*660)+((J103+J105+J104)*530) -> 15180 | S4: บาท
A5: จำนวนพยาบาลมีจริงเดือนนี้ | C5: 15 | E5: คน | F5: จำนวนวันราชการเดือนนี้ | M5: 21 | N5: วัน
A6: จำนวนพยาบาลตามFTE | C6: =((C106*12)/(M5*7)+((D106*12)/(M5*7))) -> 29.496599 | E6: คน | F6: ขาดเกิน | I6: =C5-C6 -> -14.496599 | L6: คน | M6: product | N6: =((((C106*4.5)+(D106*12))/((F106+G106+H106+I106+J106+K106+L106)*7)))*100 -> #REF! | O6: product ตามประเภท | R6: =U106 -> #REF!
A7: วันที่ | B7: เวร | C7: sick new born | D7: NICU | E7: FTE | F7: ขึ้นตามตารางเวร | L7: OT เสริม | M7: -ขาด/+เกิน | N7: product | O7: ประเภทผู้ป่วย | T7: รวม | U7: product ตามประเภท
F8: ไม่ใช่ OT | I8: OT | O8: 1 | P8: 2 | Q8: 3 | R8: 4 | S8: 5
F9: RN | G9: TN | H9: PN | I9: RN | J9: TN | K9: PN
A10: 1 | B10: N | C10: 9 | D10: 4 | E10: =((($B$3*C10)+(12*D10))*$E$4)/7 -> 3.1607143 | F10: 3 | G10: 0 | H10: 0 | I10: 0 | J10: 0 | K10: 0 | M10: =(F10+G10+H10+L10)-E10 -> -0.16071429 | N10: =(((C10*4.5)+(12*D10))*$E$4)/((F10+G10+H10+I10+J10+K10+L10)*7)*100 -> 105.35714 | O10: 0 | P10: 0 | Q10: 10 | R10: 1 | S10: 2 | T10: =SUM(O10:S10) -> 13 | U10: =((((O10*1.5+(P10*3.5)+(Q10*5.5)+(R10*7.5)+(S10*12)))/3)/((F10+G10+H10+I10+J10+K10+L10)*7))*100 -> 137.30159 | V10: =C10+D10-T10 -> 0
B11: D | C11: 9 | D11: 4 | E11: =((($B$3*C11)+(12*D11))*$E$4)/7 -> 3.1607143 | F11: 3 | G11: 0 | H11: 0 | I11: 0 | J11: 0 | K11: 0 | M11: =(F11+G11+H11+L11)-E11 -> -0.16071429 | N11: =(((C11*4.5)+(12*D11))*$E$4)/((F11+G11+H11+I11+J11+K11+L11)*7)*100 -> 105.35714 | O11: 0 | P11: 1 | Q11: 7 | R11: 1 | S11: 2 | T11: =SUM(O11:S11) -> 11 | U11: =((((O11*1.5+(P11*3.5)+(Q11*5.5)+(R11*7.5)+(S11*12)))/3)/((F11+G11+H11+I11+J11+K11+L11)*7))*100 -> 116.66667 | V11: =C11+D11-T11 -> 2
B12: E | C12: 8 | D12: 4 | E12: =((($B$3*C12)+(12*D12))*$E$4)/7 -> 3 | F12: 2 | G12: 0 | H12: 0 | I12: 1 | J12: 0 | K12: 0 | M12: =(F12+G12+H12+L12)-E12 -> -1 | N12: =(((C12*4.5)+(12*D12))*$E$4)/((F12+G12+H12+I12+J12+K12+L12)*7)*100 -> 100 | O12: 0 | P12: 0 | Q12: 9 | R12: 1 | S12: 2 | T12: =SUM(O12:S12) -> 12 | U12: =((((O12*1.5+(P12*3.5)+(Q12*5.5)+(R12*7.5)+(S12*12)))/3)/((F12+G12+H12+I12+J12+K12+L12)*7))*100 -> 128.57143 | V12: =C12+D12-T12 -> 0
A13: 2 | B13: N | C13: 9 | D13: 4 | E13: =((($B$3*C13)+(12*D13))*$E$4)/7 -> 3.1607143 | F13: 3 | G13: 0 | H13: 0 | I13: 0 | J13: 0 | K13: 0 | M13: =(F13+G13+H13+L13)-E13 -> -0.16071429 | N13: =(((C13*4.5)+(12*D13))*$E$4)/((F13+G13+H13+I13+J13+K13+L13)*7)*100 -> 105.35714 | O13: 0 | P13: 0 | Q13: 10 | R13: 1 | S13: 2 | T13: =SUM(O13:S13) -> 13 | U13: =((((O13*1.5+(P13*3.5)+(Q13*5.5)+(R13*7.5)+(S13*12)))/3)/((F13+G13+H13+I13+J13+K13+L13)*7))*100 -> 137.30159 | V13: =C13+D13-T13 -> 0
B14: D | C14: 8 | D14: 4 | E14: =((($B$3*C14)+(12*D14))*$E$4)/7 -> 3 | F14: 1 | G14: 0 | H14: 0 | I14: 2 | J14: 0 | K14: 0 | M14: =(F14+G14+H14+L14)-E14 -> -2 | N14: =(((C14*4.5)+(12*D14))*$E$4)/((F14+G14+H14+I14+J14+K14+L14)*7)*100 -> 100 | O14: 0 | P14: 1 | Q14: 8 | R14: 0 | S14: 3 | T14: =SUM(O14:S14) -> 12 | U14: =((((O14*1.5+(P14*3.5)+(Q14*5.5)+(R14*7.5)+(S14*12)))/3)/((F14+G14+H14+I14+J14+K14+L14)*7))*100 -> 132.53968 | V14: =C14+D14-T14 -> 0
B15: E | C15: 8 | D15: 4 | E15: =((($B$3*C15)+(12*D15))*$E$4)/7 -> 3 | F15: 3 | G15: 0 | H15: 0 | I15: 0 | J15: 0 | K15: 0 | M15: =(F14+G14+H14+L14)-E14 -> -2 | N15: =(((C15*4.5)+(12*D15))*$E$4)/((F15+G15+H15+I15+J15+K15+L15)*7)*100 -> 100 | O15: 0 | P15: 0 | Q15: 9 | R15: 0 | S15: 3 | T15: =SUM(O15:S15) -> 12 | U15: =((((O15*1.5+(P15*3.5)+(Q15*5.5)+(R15*7.5)+(S15*12)))/3)/((F15+G15+H15+I15+J15+K15+L15)*7))*100 -> 135.71429 | V15: =C15+D15-T15 -> 0
A16: 3 | B16: N | C16: 8 | D16: 4 | E16: =((($B$3*C16)+(12*D16))*$E$4)/7 -> 3 | F16: 2 | G16: 0 | H16: 0 | I16: 1 | J16: 0 | K16: 0 | M16: =(F16+G16+H16+L16)-E16 -> -1 | N16: =(((C16*4.5)+(12*D16))*$E$4)/((F16+G16+H16+I16+J16+K16+L16)*7)*100 -> 100 | O16: 0 | P16: 0 | Q16: 9 | R16: 0 | S16: 3 | T16: =SUM(O16:S16) -> 12 | U16: =((((O16*1.5+(P16*3.5)+(Q16*5.5)+(R16*7.5)+(S16*12)))/3)/((F16+G16+H16+I16+J16+K16+L16)*7))*100 -> 135.71429 | V16: =C16+D16-T16 -> 0
B17: D | C17: 8 | D17: 5 | E17: =((($B$3*C17)+(12*D17))*$E$4)/7 -> 3.4285714 | F17: 3 | G17: 0 | H17: 0 | I17: 1 | J17: 0 | K17: 0 | M17: =(F17+G17+H17+L17)-E17 -> -0.42857143 | N17: =(((C17*4.5)+(12*D17))*$E$4)/((F17+G17+H17+I17+J17+K17+L17)*7)*100 -> 85.714286 | O17: 0 | P17: 2 | Q17: 7 | R17: 0 | S17: 4 | T17: =SUM(O17:S17) -> 13 | U17: =((((O17*1.5+(P17*3.5)+(Q17*5.5)+(R17*7.5)+(S17*12)))/3)/((F17+G17+H17+I17+J17+K17+L17)*7))*100 -> 111.30952 | V17: =C17+D17-T17 -> 0
B18: E | C18: 6 | D18: 5 | E18: =((($B$3*C18)+(12*D18))*$E$4)/7 -> 3.1071429 | F18: 2 | G18: 0 | H18: 1 | I18: 1 | J18: 0 | K18: 0 | M18: =(F18+G18+H18+L18)-E18 -> -0.10714286 | N18: =(((C18*4.5)+(12*D18))*$E$4)/((F18+G18+H18+I18+J18+K18+L18)*7)*100 -> 77.678571 | O18: 0 | P18: 0 | Q18: 7 | R18: 0 | S18: 4 | T18: =SUM(O18:S18) -> 11 | U18: =((((O18*1.5+(P18*3.5)+(Q18*5.5)+(R18*7.5)+(S18*12)))/3)/((F18+G18+H18+I18+J18+K18+L18)*7))*100 -> 102.97619 | V18: =C18+D18-T18 -> 0
A19: 4 | B19: N | C19: 6 | D19: 5 | E19: =((($B$3*C19)+(12*D19))*$E$4)/7 -> 3.1071429 | F19: 3 | G19: 0 | H19: 0 | I19: 0 | J19: 0 | K19: 0 | M19: =(F19+G19+H19+L19)-E19 -> -0.10714286 | N19: =(((C19*4.5)+(12*D19))*$E$4)/((F19+G19+H19+I19+J19+K19+L19)*7)*100 -> 103.57143 | O19: 0 | P19: 0 | Q19: 7 | R19: 0 | S19: 4 | T19: =SUM(O19:S19) -> 11 | U19: =((((O19*1.5+(P19*3.5)+(Q19*5.5)+(R19*7.5)+(S19*12)))/3)/((F19+G19+H19+I19+J19+K19+L19)*7))*100 -> 137.30159 | V19: =C19+D19-T19 -> 0
B20: D | C20: 7 | D20: 5 | E20: =((($B$3*C20)+(12*D20))*$E$4)/7 -> 3.2678571 | F20: 2 | G20: 0 | H20: 0 | I20: 1 | J20: 0 | K20: 1 | M20: =(F20+G20+H20+L20)-E20 -> -1.2678571 | N20: =(((C20*4.5)+(12*D20))*$E$4)/((F20+G20+H20+I20+J20+K20+L20)*7)*100 -> 81.696429 | O20: 0 | P20: 3 | Q20: 5 | R20: 0 | S20: 4 | T20: =SUM(O20:S20) -> 12 | U20: =((((O20*1.5+(P20*3.5)+(Q20*5.5)+(R20*7.5)+(S20*12)))/3)/((F20+G20+H20+I20+J20+K20+L20)*7))*100 -> 102.38095 | V20: =C20+D20-T20 -> 0
B21: E | C21: 3 | D21: 5 | E21: =((($B$3*C21)+(12*D21))*$E$4)/7 -> 2.625 | F21: 3 | G21: 0 | H21: 0 | I21: 0 | J21: 0 | K21: 0 | M21: =(F21+G21+H21+L21)-E21 -> 0.375 | N21: =(((C21*4.5)+(12*D21))*$E$4)/((F21+G21+H21+I21+J21+K21+L21)*7)*100 -> 87.5 | O21: 0 | P21: 0 | Q21: 4 | R21: 1 | S21: 3 | T21: =SUM(O21:S21) -> 8 | U21: =((((O21*1.5+(P21*3.5)+(Q21*5.5)+(R21*7.5)+(S21*12)))/3)/((F21+G21+H21+I21+J21+K21+L21)*7))*100 -> 103.96825 | V21: =C21+D21-T21 -> 0
A22: 5 | B22: N | C22: 3 | D22: 5 | E22: =((($B$3*C22)+(12*D22))*$E$4)/7 -> 2.625 | F22: 3 | G22: 0 | H22: 0 | I22: 0 | J22: 0 | K22: 0 | M22: =(F22+G22+H22+L22)-E22 -> 0.375 | N22: =(((C22*4.5)+(12*D22))*$E$4)/((F22+G22+H22+I22+J22+K22+L22)*7)*100 -> 87.5 | O22: 0 | P22: 0 | Q22: 4 | R22: 1 | S22: 3 | T22: =SUM(O22:S22) -> 8 | U22: =((((O22*1.5+(P22*3.5)+(Q22*5.5)+(R22*7.5)+(S22*12)))/3)/((F22+G22+H22+I22+J22+K22+L22)*7))*100 -> 103.96825 | V22: =C22+D22-T22 -> 0
B23: D | C23: 4 | D23: 5 | E23: =((($B$3*C23)+(12*D23))*$E$4)/7 -> 2.7857143 | F23: 3 | G23: 0 | H23: 1 | I23: 0 | J23: 0 | K23: 0 | M23: =(F23+G23+H23+L23)-E23 -> 1.2142857 | N23: =(((C23*4.5)+(12*D23))*$E$4)/((F23+G23+H23+I23+J23+K23+L23)*7)*100 -> 69.642857 | O23: 0 | P23: 2 | Q23: 3 | R23: 1 | S23: 3 | T23: =SUM(O23:S23) -> 9 | U23: =((((O23*1.5+(P23*3.5)+(Q23*5.5)+(R23*7.5)+(S23*12)))/3)/((F23+G23+H23+I23+J23+K23+L23)*7))*100 -> 79.761905 | V23: =C23+D23-T23 -> 0
B24: E | C24: 2 | D24: 5 | E24: =((($B$3*C24)+(12*D24))*$E$4)/7 -> 2.4642857 | F24: 3 | G24: 0 | H24: 0 | I24: 0 | J24: 0 | K24: 0 | M24: =(F24+G24+H24+L24)-E24 -> 0.53571429 | N24: =(((C24*4.5)+(12*D24))*$E$4)/((F24+G24+H24+I24+J24+K24+L24)*7)*100 -> 82.142857 | O24: 0 | P24: 0 | Q24: 3 | R24: 2 | S24: 2 | T24: =SUM(O24:S24) -> 7 | U24: =((((O24*1.5+(P24*3.5)+(Q24*5.5)+(R24*7.5)+(S24*12)))/3)/((F24+G24+H24+I24+J24+K24+L24)*7))*100 -> 88.095238 | V24: =C24+D24-T24 -> 0
A25: 6 | B25: N | C25: 2 | D25: 5 | E25: =((($B$3*C25)+(12*D25))*$E$4)/7 -> 2.4642857 | F25: 3 | G25: 0 | H25: 0 | I25: 0 | J25: 0 | K25: 0 | M25: =(F25+G25+H25+L25)-E25 -> 0.53571429 | N25: =(((C25*4.5)+(12*D25))*$E$4)/((F25+G25+H25+I25+J25+K25+L25)*7)*100 -> 82.142857 | O25: 0 | P25: 0 | Q25: 3 | R25: 2 | S25: 2 | T25: =SUM(O25:S25) -> 7 | U25: =((((O25*1.5+(P25*3.5)+(Q25*5.5)+(R25*7.5)+(S25*12)))/3)/((F25+G25+H25+I25+J25+K25+L25)*7))*100 -> 88.095238 | V25: =C25+D25-T25 -> 0
B26: D | C26: 6 | D26: 4 | E26: =((($B$3*C26)+(12*D26))*$E$4)/7 -> 2.6785714 | F26: 4 | G26: 0 | H26: 1 | I26: 0 | J26: 0 | K26: 0 | M26: =(F26+G26+H26+L26)-E26 -> 2.3214286 | N26: =(((C26*4.5)+(12*D26))*$E$4)/((F26+G26+H26+I26+J26+K26+L26)*7)*100 -> 53.571429 | O26: 0 | P26: 1 | Q26: 5 | R26: 2 | S26: 2 | T26: =SUM(O26:S26) -> 10 | U26: =((((O26*1.5+(P26*3.5)+(Q26*5.5)+(R26*7.5)+(S26*12)))/3)/((F26+G26+H26+I26+J26+K26+L26)*7))*100 -> 66.666667 | V26: =C26+D26-T26 -> 0
B27: E | C27: 4 | D27: 4 | E27: =((($B$3*C27)+(12*D27))*$E$4)/7 -> 2.3571429 | F27: 3 | G27: 0 | H27: 0 | I27: 0 | J27: 0 | K27: 1 | M27: =(F27+G27+H27+L27)-E27 -> 0.64285714 | N27: =(((C27*4.5)+(12*D27))*$E$4)/((F27+G27+H27+I27+J27+K27+L27)*7)*100 -> 58.928571 | O27: 0 | P27: 0 | Q27: 5 | R27: 1 | S27: 2 | T27: =SUM(O27:S27) -> 8 | U27: =((((O27*1.5+(P27*3.5)+(Q27*5.5)+(R27*7.5)+(S27*12)))/3)/((F27+G27+H27+I27+J27+K27+L27)*7))*100 -> 70.238095 | V27: =C27+D27-T27 -> 0
A28: 7 | B28: N | C28: 4 | D28: 4 | E28: =((($B$3*C28)+(12*D28))*$E$4)/7 -> 2.3571429 | F28: 1 | G28: 0 | H28: 0 | I28: 2 | J28: 0 | K28: 0 | M28: =(F28+G28+H28+L28)-E28 -> -1.3571429 | N28: =(((C28*4.5)+(12*D28))*$E$4)/((F28+G28+H28+I28+J28+K28+L28)*7)*100 -> 78.571429 | O28: 0 | P28: 0 | Q28: 5 | R28: 1 | S28: 2 | T28: =SUM(O28:S28) -> 8 | U28: =((((O28*1.5+(P28*3.5)+(Q28*5.5)+(R28*7.5)+(S28*12)))/3)/((F28+G28+H28+I28+J28+K28+L28)*7))*100 -> 93.650794 | V28: =C28+D28-T28 -> 0
B29: D | C29: 4 | D29: 4 | E29: =((($B$3*C29)+(12*D29))*$E$4)/7 -> 2.3571429 | F29: 3 | G29: 0 | H29: 0 | I29: 1 | J29: 0 | K29: 0 | M29: =(F29+G29+H29+L29)-E29 -> 0.64285714 | N29: =(((C29*4.5)+(12*D29))*$E$4)/((F29+G29+H29+I29+J29+K29+L29)*7)*100 -> 58.928571 | O29: 0 | P29: 1 | Q29: 3 | R29: 2 | S29: 2 | T29: =SUM(O29:S29) -> 8 | U29: =((((O29*1.5+(P29*3.5)+(Q29*5.5)+(R29*7.5)+(S29*12)))/3)/((F29+G29+H29+I29+J29+K29+L29)*7))*100 -> 70.238095 | V29: =C29+D29-T29 -> 0
B30: E | C30: 5 | D30: 5 | E30: =((($B$3*C30)+(12*D30))*$E$4)/7 -> 2.9464286 | F30: 2 | G30: 0 | H30: 0 | I30: 1 | J30: 0 | K30: 0 | M30: =(F30+G30+H30+L30)-E30 -> -0.94642857 | N30: =(((C30*4.5)+(12*D30))*$E$4)/((F30+G30+H30+I30+J30+K30+L30)*7)*100 -> 98.214286 | O30: 0 | P30: 0 | Q30: 5 | R30: 3 | S30: 2 | T30: =SUM(O30:S30) -> 10 | U30: =((((O30*1.5+(P30*3.5)+(Q30*5.5)+(R30*7.5)+(S30*12)))/3)/((F30+G30+H30+I30+J30+K30+L30)*7))*100 -> 117.46032 | V30: =C30+D30-T30 -> 0
A31: 8 | B31: N | C31: 5 | D31: 5 | E31: =((($B$3*C31)+(12*D31))*$E$4)/7 -> 2.9464286 | F31: 3 | G31: 0 | H31: 0 | I31: 0 | J31: 0 | K31: 0 | M31: =(F31+G31+H31+L31)-E31 -> 0.053571429 | N31: =(((C31*4.5)+(12*D31))*$E$4)/((F31+G31+H31+I31+J31+K31+L31)*7)*100 -> 98.214286 | O31: 0 | P31: 0 | Q31: 5 | R31: 3 | S31: 2 | T31: =SUM(O31:S31) -> 10 | U31: =((((O31*1.5+(P31*3.5)+(Q31*5.5)+(R31*7.5)+(S31*12)))/3)/((F31+G31+H31+I31+J31+K31+L31)*7))*100 -> 117.46032 | V31: =C31+D31-T31 -> 0
B32: D | C32: 7 | D32: 5 | E32: =((($B$3*C32)+(12*D32))*$E$4)/7 -> 3.2678571 | F32: 4 | G32: 0 | H32: 1 | I32: 0 | J32: 0 | K32: 0 | L32: 0 | M32: =(F32+G32+H32+L32)-E32 -> 1.7321429 | N32: =(((C32*4.5)+(12*D32))*$E$4)/((F32+G32+H32+I32+J32+K32+L32)*7)*100 -> 65.357143 | O32: 0 | P32: 0 | Q32: 7 | R32: 3 | S32: 2 | T32: =SUM(O32:S32) -> 12 | U32: =((((O32*1.5+(P32*3.5)+(Q32*5.5)+(R32*7.5)+(S32*12)))/3)/((F32+G32+H32+I32+J32+K32+L32)*7))*100 -> 80.952381 | V32: =C32+D32-T32 -> 0
B33: E | C33: 7 | D33: 5 | E33: =((($B$3*C33)+(12*D33))*$E$4)/7 -> 3.2678571 | F33: 3 | G33: 0 | H33: 1 | I33: 0 | J33: 0 | K33: 0 | M33: =(F33+G33+H33+L33)-E33 -> 0.73214286 | N33: =(((C33*4.5)+(12*D33))*$E$4)/((F33+G33+H33+I33+J33+K33+L33)*7)*100 -> 81.696429 | O33: 0 | P33: 0 | Q33: 7 | R33: 3 | S33: 2 | T33: =SUM(O33:S33) -> 12 | U33: =((((O33*1.5+(P33*3.5)+(Q33*5.5)+(R33*7.5)+(S33*12)))/3)/((F33+G33+H33+I33+J33+K33+L33)*7))*100 -> 101.19048 | V33: =C33+D33-T33 -> 0
A34: 9 | B34: N | C34: 6 | D34: 5 | E34: =((($B$3*C34)+(12*D34))*$E$4)/7 -> 3.1071429 | F34: 3 | G34: 0 | H34: 0 | I34: 0 | J34: 0 | K34: 0 | M34: =(F34+G34+H34+L34)-E34 -> -0.10714286 | N34: =(((C34*4.5)+(12*D34))*$E$4)/((F34+G34+H34+I34+J34+K34+L34)*7)*100 -> 103.57143 | O34: 0 | P34: 0 | Q34: 7 | R34: 2 | S34: 2 | T34: =SUM(O34:S34) -> 11 | U34: =((((O34*1.5+(P34*3.5)+(Q34*5.5)+(R34*7.5)+(S34*12)))/3)/((F34+G34+H34+I34+J34+K34+L34)*7))*100 -> 123.01587 | V34: =C34+D34-T34 -> 0
B35: D | C35: 6 | D35: 6 | E35: =((($B$3*C35)+(12*D35))*$E$4)/7 -> 3.5357143 | F35: 1 | G35: 0 | H35: 1 | I35: 2 | J35: 0 | K35: 0 | M35: =(F35+G35+H35+L35)-E35 -> -1.5357143 | N35: =(((C35*4.5)+(12*D35))*$E$4)/((F35+G35+H35+I35+J35+K35+L35)*7)*100 -> 88.392857 | O35: 0 | P35: 0 | Q35: 8 | R35: 1 | S35: 3 | T35: =SUM(O35:S35) -> 12 | U35: =((((O35*1.5+(P35*3.5)+(Q35*5.5)+(R35*7.5)+(S35*12)))/3)/((F35+G35+H35+I35+J35+K35+L35)*7))*100 -> 104.16667 | V35: =C35+D35-T35 -> 0
B36: E | C36: 7 | D36: 6 | E36: =((($B$3*C36)+(12*D36))*$E$4)/7 -> 3.6964286 | F36: 3 | G36: 0 | H36: 0 | I36: 0 | J36: 0 | K36: 0 | M36: =(F36+G36+H36+L36)-E36 -> -0.69642857 | N36: =(((C36*4.5)+(12*D36))*$E$4)/((F36+G36+H36+I36+J36+K36+L36)*7)*100 -> 123.21429 | O36: 0 | P36: 0 | Q36: 8 | R36: 2 | S36: 3 | T36: =SUM(O36:S36) -> 13 | U36: =((((O36*1.5+(P36*3.5)+(Q36*5.5)+(R36*7.5)+(S36*12)))/3)/((F36+G36+H36+I36+J36+K36+L36)*7))*100 -> 150.79365 | V36: =C36+D36-T36 -> 0
A37: 10 | B37: N | C37: 7 | D37: 6 | E37: =((($B$3*C37)+(12*D37))*$E$4)/7 -> 3.6964286 | F37: 3 | G37: 0 | H37: 0 | I37: 0 | J37: 0 | K37: 0 | M37: =(F37+G37+H37+L37)-E37 -> -0.69642857 | N37: =(((C37*4.5)+(12*D37))*$E$4)/((F37+G37+H37+I37+J37+K37+L37)*7)*100 -> 123.21429 | O37: 0 | P37: 0 | Q37: 8 | R37: 2 | S37: 3 | T37: =SUM(O37:S37) -> 13 | U37: =((((O37*1.5+(P37*3.5)+(Q37*5.5)+(R37*7.5)+(S37*12)))/3)/((F37+G37+H37+I37+J37+K37+L37)*7))*100 -> 150.79365 | V37: =C37+D37-T37 -> 0
B38: D | C38: 9 | D38: 6 | E38: =((($B$3*C38)+(12*D38))*$E$4)/7 -> 4.0178571 | F38: 3 | G38: 0 | H38: 0 | I38: 0 | J38: 0 | K38: 0 | M38: =(F38+G38+H38+L38)-E38 -> -1.0178571 | N38: =(((C38*4.5)+(12*D38))*$E$4)/((F38+G38+H38+I38+J38+K38+L38)*7)*100 -> 133.92857 | O38: 0 | P38: 0 | Q38: 10 | R38: 2 | S38: 3 | T38: =SUM(O38:S38) -> 15 | U38: =((((O38*1.5+(P38*3.5)+(Q38*5.5)+(R38*7.5)+(S38*12)))/3)/((F38+G38+H38+I38+J38+K38+L38)*7))*100 -> 168.25397 | V38: =C38+D38-T38 -> 0
B39: E | C39: 9 | D39: 6 | E39: =((($B$3*C39)+(12*D39))*$E$4)/7 -> 4.0178571 | F39: 2 | G39: 0 | H39: 0 | I39: 1 | J39: 0 | K39: 1 | M39: =(F39+G39+H39+L39)-E39 -> -2.0178571 | N39: =(((C39*4.5)+(12*D39))*$E$4)/((F39+G39+H39+I39+J39+K39+L39)*7)*100 -> 100.44643 | O39: 0 | P39: 0 | Q39: 10 | R39: 3 | S39: 2 | T39: =SUM(O39:S39) -> 15 | U39: =((((O39*1.5+(P39*3.5)+(Q39*5.5)+(R39*7.5)+(S39*12)))/3)/((F39+G39+H39+I39+J39+K39+L39)*7))*100 -> 120.83333 | V39: =C39+D39-T39 -> 0
A40: 11 | B40: N | C40: 8 | D40: 6 | E40: =((($B$3*C40)+(12*D40))*$E$4)/7 -> 3.8571429 | F40: 3 | G40: 0 | H40: 0 | I40: 0 | J40: 0 | K40: 0 | M40: =(F40+G40+H40+L40)-E40 -> -0.85714286 | N40: =(((C40*4.5)+(12*D40))*$E$4)/((F40+G40+H40+I40+J40+K40+L40)*7)*100 -> 128.57143 | O40: 0 | P40: 0 | Q40: 10 | R40: 2 | S40: 2 | T40: =SUM(O40:S40) -> 14 | U40: =((((O40*1.5+(P40*3.5)+(Q40*5.5)+(R40*7.5)+(S40*12)))/3)/((F40+G40+H40+I40+J40+K40+L40)*7))*100 -> 149.20635 | V40: =C40+D40-T40 -> 0
B41: D | C41: 8 | D41: 6 | E41: =((($B$3*C41)+(12*D41))*$E$4)/7 -> 3.8571429 | F41: 3 | G41: 0 | H41: 0 | I41: 0 | J41: 0 | K41: 0 | M41: =(F42+G42+H42+L42)-E42 -> -0.85714286 | N41: =(((C41*4.5)+(12*D41))*$E$4)/((F41+G41+H41+I41+J41+K41+L41)*7)*100 -> 128.57143 | O41: 0 | P41: 1 | Q41: 9 | R41: 2 | S41: 2 | T41: =SUM(O41:S41) -> 14 | U41: =((((O41*1.5+(P41*3.5)+(Q41*5.5)+(R41*7.5)+(S41*12)))/3)/((F41+G41+H41+I41+J41+K41+L41)*7))*100 -> 146.03175 | V41: =C41+D41-T41 -> 0
B42: E | C42: 8 | D42: 6 | E42: =((($B$3*C42)+(12*D42))*$E$4)/7 -> 3.8571429 | F42: 3 | G42: 0 | H42: 0 | I42: 0 | J42: 0 | K42: 0 | M42: =(F41+G41+H41+L41)-E41 -> -0.85714286 | N42: =(((C42*4.5)+(12*D42))*$E$4)/((F42+G42+H42+I42+J42+K42+L42)*7)*100 -> 128.57143 | O42: 0 | P42: 0 | Q42: 9 | R42: 2 | S42: 2 | T42: =SUM(O42:S42) -> 13 | U42: =((((O21*1.5+(P21*3.5)+(Q42*5.5)+(R42*7.5)+(S42*12)))/3)/((F42+G42+H42+I42+J42+K42+L42)*7))*100 -> 140.47619 | V42: =C42+D42-T42 -> 1
A43: 12 | B43: N | C43: 8 | D43: 6 | E43: =((($B$3*C43)+(12*D43))*$E$4)/7 -> 3.8571429 | F43: 3 | G43: 0 | H43: 0 | I43: 0 | J43: 0 | K43: 0 | M43: =(F42+G43+H43+L43)-E43 -> -0.85714286 | N43: =(((C43*4.5)+(12*D43))*$E$4)/((F42+G43+H43+I43+J43+K43+L43)*7)*100 -> 128.57143 | O43: 0 | P43: 0 | Q43: 10 | R43: 1 | S43: 3 | T43: =SUM(O43:S43) -> 14 | U43: =((((O43*1.5+(P43*3.5)+(Q43*5.5)+(R43*7.5)+(S43*12)))/3)/((F42+G43+H43+I43+J43+K43+L43)*7))*100 -> 156.34921 | V43: =C43+D43-T43 -> 0
B44: D | C44: 8 | D44: 6 | E44: =((($B$3*C44)+(12*D44))*$E$4)/7 -> 3.8571429 | F44: 4 | G44: 0 | H44: 0 | I44: 0 | J44: 0 | K44: 0 | M44: =(F44+G44+H44+L44)-E44 -> 0.14285714 | N44: =(((C44*4.5)+(12*D44))*$E$4)/((F44+G44+H44+I44+J44+K44+L44)*7)*100 -> 96.428571 | O44: 0 | P44: 3 | Q44: 5 | R44: 1 | S44: 3 | T44: =SUM(O44:S44) -> 12 | U44: =((((O44*1.5+(P44*3.5)+(Q44*5.5)+(R44*7.5)+(S44*12)))/3)/((F44+G44+H44+I44+J44+K44+L44)*7))*100 -> 97.02381 | V44: =C44+D44-T44 -> 2
B45: E | C45: 6 | D45: 5 | E45: =((($B$3*C45)+(12*D45))*$E$4)/7 -> 3.1071429 | F45: 3 | G45: 0 | H45: 0 | I45: 0 | J45: 0 | K45: 0 | M45: =(F45+G45+H45+L45)-E45 -> -0.10714286 | N45: =(((C45*4.5)+(12*D45))*$E$4)/((F45+G45+H45+I45+J45+K45+L45)*7)*100 -> 103.57143 | O45: 0 | P45: 0 | Q45: 7 | R45: 2 | S45: 2 | T45: =SUM(O45:S45) -> 11 | U45: =((((O45*1.5+(P45*3.5)+(Q45*5.5)+(R45*7.5)+(S45*12)))/3)/((F45+G45+H45+I45+J45+K45+L45)*7))*100 -> 123.01587 | V45: =C45+D45-T45 -> 0
A46: 13 | B46: N | C46: 6 | D46: 5 | E46: =((($B$3*C46)+(12*D46))*$E$4)/7 -> 3.1071429 | F46: 2 | G46: 0 | H46: 0 | I46: 1 | J46: 0 | K46: 0 | M46: =(F46+G46+H46+L46)-E46 -> -1.1071429 | N46: =(((C46*4.5)+(12*D46))*$E$4)/((F46+G46+H46+I46+J46+K46+L46)*7)*100 -> 103.57143 | O46: 0 | P46: 0 | Q46: 8 | R46: 1 | S46: 2 | T46: =SUM(O46:S46) -> 11 | U46: =((((O46*1.5+(P46*3.5)+(Q46*5.5)+(R46*7.5)+(S46*12)))/3)/((F46+G46+H46+I46+J46+K46+L46)*7))*100 -> 119.84127 | V46: =C46+D46-T46 -> 0
B47: D | C47: 7 | D47: 4 | E47: =((($B$3*C47)+(12*D47))*$E$4)/7 -> 2.8392857 | F47: 2 | G47: 0 | H47: 0 | I47: 0 | J47: 0 | K47: 0 | M47: =(F47+G47+H47+L47)-E47 -> -0.83928571 | N47: =(((C47*4.5)+(12*D47))*$E$4)/((F47+G47+H47+I47+J47+K47+L47)*7)*100 -> 141.96429 | O47: 0 | P47: 0 | Q47: 8 | R47: 1 | S47: 2 | T47: =SUM(O47:S47) -> 11 | U47: =((((O47*1.5+(P47*3.5)+(Q47*5.5)+(R47*7.5)+(S47*12)))/3)/((F47+G47+H47+I47+J47+K47+L47)*7))*100 -> 179.7619 | V47: =C47+D47-T47 -> 0
B48: E | C48: 9 | D48: 4 | E48: =((($B$3*C48)+(12*D48))*$E$4)/7 -> 3.1607143 | F48: 3 | G48: 0 | H48: 0 | I48: 0 | J48: 0 | K48: 0 | M48: =(F48+G48+H48+L48)-E48 -> -0.16071429 | N48: =(((C48*4.5)+(12*D48))*$E$4)/((F48+G48+H48+I48+J48+K48+L48)*7)*100 -> 105.35714 | O48: 0 | P48: 0 | Q48: 11 | R48: 1 | S48: 1 | T48: =SUM(O48:S48) -> 13 | U48: =((((O48*1.5+(P48*3.5)+(Q48*5.5)+(R48*7.5)+(S48*12)))/3)/((F48+G48+H48+I48+J48+K48+L48)*7))*100 -> 126.98413 | V48: =C48+D48-T48 -> 0
A49: 14 | B49: N | C49: 9 | D49: 4 | E49: =((($B$3*C49)+(12*D49))*$E$4)/7 -> 3.1607143 | F49: 3 | G49: 0 | H49: 0 | I49: 0 | J49: 0 | K49: 0 | M49: =(F49+G49+H49+L49)-E49 -> -0.16071429 | N49: =(((C49*4.5)+(12*D49))*$E$4)/((F49+G49+H49+I49+J49+K49+L49)*7)*100 -> 105.35714 | O49: 0 | P49: 0 | Q49: 11 | R49: 1 | S49: 1 | T49: =SUM(O49:S49) -> 13 | U49: =((((O49*1.5+(P49*3.5)+(Q49*5.5)+(R49*7.5)+(S49*12)))/3)/((F49+G49+H49+I49+J49+K49+L49)*7))*100 -> 126.98413 | V49: =C49+D49-T49 -> 0
B50: D | C50: 9 | D50: 4 | E50: =((($B$3*C50)+(12*D50))*$E$4)/7 -> 3.1607143 | F50: 2 | G50: 0 | H50: 0 | I50: 1 | J50: 0 | K50: 1 | M50: =(F50+G50+H50+L50)-E50 -> -1.1607143 | N50: =(((C50*4.5)+(12*D50))*$E$4)/((F50+G50+H50+I50+J50+K50+L50)*7)*100 -> 79.017857 | O50: 0 | P50: 2 | Q50: 9 | R50: 1 | S50: 1 | T50: =SUM(O50:S50) -> 13 | U50: =((((O50*1.5+(P50*3.5)+(Q50*5.5)+(R50*7.5)+(S50*12)))/3)/((F50+G50+H50+I50+J50+K50+L50)*7))*100 -> 90.47619 | V50: =C50+D50-T50 -> 0
B51: E | C51: 8 | D51: 4 | E51: =((($B$3*C51)+(12*D51))*$E$4)/7 -> 3 | F51: 3 | G51: 0 | H51: 0 | I51: 0 | J51: 0 | K51: 0 | M51: =(F51+G51+H51+L51)-E51 -> 0 | N51: =(((C51*4.5)+(12*D51))*$E$4)/((F51+G51+H51+I51+J51+K51+L51)*7)*100 -> 100 | O51: 0 | P51: 0 | Q51: 10 | R51: 1 | S51: 1 | T51: =SUM(O51:S51) -> 12 | U51: =((((O51*1.5+(P51*3.5)+(Q51*5.5)+(R51*7.5)+(S51*12)))/3)/((F51+G51+H51+I51+J51+K51+L51)*7))*100 -> 118.25397 | V51: =C51+D51-T51 -> 0
A52: 15 | B52: N | C52: 8 | D52: 3 | E52: =((($B$3*C52)+(12*D52))*$E$4)/7 -> 2.5714286 | F52: 3 | G52: 0 | H52: 0 | I52: 0 | J52: 0 | K52: 0 | M52: =(F52+G52+H52+L52)-E52 -> 0.42857143 | N52: =(((C52*4.5)+(12*D52))*$E$4)/((F52+G52+H52+I52+J52+K52+L52)*7)*100 -> 85.714286 | O52: 0 | P52: 0 | Q52: 10 | R52: 1 | S52: 1 | T52: =SUM(O52:S52) -> 12 | U52: =((((O52*1.5+(P52*3.5)+(Q52*5.5)+(R52*7.5)+(S52*12)))/3)/((F52+G52+H52+I52+J52+K52+L52)*7))*100 -> 118.25397 | V52: =C52+D52-T52 -> -1
B53: D | C53: 9 | D53: 3 | E53: =((($B$3*C53)+(12*D53))*$E$4)/7 -> 2.7321429 | F53: 2 | G53: 0 | H53: 0 | I53: 1 | J53: 0 | K53: 0 | M53: =(F53+G53+H53+L53)-E53 -> -0.73214286 | N53: =(((C53*4.5)+(12*D53))*$E$4)/((F53+G53+H53+I53+J53+K53+L53)*7)*100 -> 91.071429 | O53: 0 | P53: 4 | Q53: 6 | R53: 1 | S53: 1 | T53: =SUM(O53:S53) -> 12 | U53: =((((O53*1.5+(P53*3.5)+(Q53*5.5)+(R53*7.5)+(S53*12)))/3)/((F53+G53+H53+I53+J53+K53+L53)*7))*100 -> 105.55556 | V53: =C53+D53-T53 -> 0
B54: E | C54: 6 | D54: 3 | E54: =((($B$3*C54)+(12*D54))*$E$4)/7 -> 2.25 | F54: 3 | G54: 0 | H54: 0 | I54: 0 | J54: 0 | K54: 0 | M54: =(F54+G54+H54+L54)-E54 -> 0.75 | N54: =(((C54*4.5)+(12*D54))*$E$4)/((F54+G54+H54+I54+J54+K54+L54)*7)*100 -> 75 | O54: 0 | P54: 0 | Q54: 6 | R54: 1 | S54: 2 | T54: =SUM(O54:S54) -> 9 | U54: =((((O54*1.5+(P54*3.5)+(Q54*5.5)+(R54*7.5)+(S54*12)))/3)/((F54+G54+H54+I54+J54+K54+L54)*7))*100 -> 102.38095 | V54: =C54+D54-T54 -> 0
A55: 16 | B55: N | C55: 6 | D55: 3 | E55: =((($B$3*C55)+(12*D55))*$E$4)/7 -> 2.25 | F55: 3 | G55: 0 | H55: 0 | I55: 0 | J55: 0 | K55: 0 | M55: =(F55+G55+H55+L55)-E55 -> 0.75 | N55: =(((C55*4.5)+(12*D55))*$E$4)/((F55+G55+H55+I55+J55+K55+L55)*7)*100 -> 75 | O55: 0 | P55: 0 | Q55: 7 | R55: 0 | S55: 2 | T55: =SUM(O55:S55) -> 9 | U55: =((((O55*1.5+(P55*3.5)+(Q55*5.5)+(R55*7.5)+(S55*12)))/3)/((F55+G55+H55+I55+J55+K55+L55)*7))*100 -> 99.206349 | V55: =C55+D55-T55 -> 0
B56: D | C56: 6 | D56: 3 | E56: =((($B$3*C56)+(12*D56))*$E$4)/7 -> 2.25 | F56: 2 | G56: 0 | H56: 0 | I56: 1 | J56: 0 | K56: 1 | M56: =(F56+G56+H56+L56)-E56 -> -0.25 | N56: =(((C56*4.5)+(12*D56))*$E$4)/((F56+G56+H56+I56+J56+K56+L56)*7)*100 -> 56.25 | O56: 0 | P56: 0 | Q56: 7 | R56: 0 | S56: 2 | T56: =SUM(O56:S56) -> 9 | U56: =((((O56*1.5+(P56*3.5)+(Q56*5.5)+(R56*7.5)+(S56*12)))/3)/((F56+G56+H56+I56+J56+K56+L56)*7))*100 -> 74.404762 | V56: =C56+D56-T56 -> 0
B57: E | C57: 8 | D57: 3 | E57: =((($B$3*C57)+(12*D57))*$E$4)/7 -> 2.5714286 | F57: 3 | G57: 0 | H57: 0 | I57: 0 | J57: 0 | K57: 0 | M57: =(F57+G57+H57+L57)-E57 -> 0.42857143 | N57: =(((C57*4.5)+(12*D57))*$E$4)/((F57+G57+H57+I57+J57+K57+L57)*7)*100 -> 85.714286 | O57: 0 | P57: 0 | Q57: 9 | R57: 0 | S57: 2 | T57: =SUM(O57:S57) -> 11 | U57: =((((O57*1.5+(P57*3.5)+(Q57*5.5)+(R57*7.5)+(S57*12)))/3)/((F57+G57+H57+I57+J57+K57+L57)*7))*100 -> 116.66667 | V57: =C57+D57-T57 -> 0
A58: 17 | B58: N | C58: 9 | D58: 3 | E58: =((($B$3*C58)+(12*D58))*$E$4)/7 -> 2.7321429 | F58: 3 | G58: 0 | H58: 0 | I58: 0 | J58: 0 | K58: 0 | M58: =(F58+G58+H58+L58)-E58 -> 0.26785714 | N58: =(((C58*4.5)+(12*D58))*$E$4)/((F58+G58+H58+I58+J58+K58+L58)*7)*100 -> 91.071429 | O58: 0 | P58: 0 | Q58: 9 | R58: 1 | S58: 2 | T58: =SUM(O58:S58) -> 12 | U58: =((((O58*1.5+(P58*3.5)+(Q58*5.5)+(R58*7.5)+(S58*12)))/3)/((F58+G58+H58+I58+J58+K58+L58)*7))*100 -> 128.57143 | V58: =C58+D58-T58 -> 0
B59: D | C59: 8 | D59: 3 | E59: =((($B$3*C59)+(12*D59))*$E$4)/7 -> 2.5714286 | F59: 2 | G59: 0 | H59: 0 | I59: 1 | J59: 0 | K59: 0 | M59: =(F59+G59+H59+L59)-E59 -> -0.57142857 | N59: =(((C59*4.5)+(12*D59))*$E$4)/((F59+G59+H59+I59+J59+K59+L59)*7)*100 -> 85.714286 | O59: 0 | P59: 2 | Q59: 6 | R59: 1 | S59: 2 | T59: =SUM(O59:S59) -> 11 | U59: =((((O59*1.5+(P59*3.5)+(Q59*5.5)+(R59*7.5)+(S59*12)))/3)/((F59+G59+H59+I59+J59+K59+L59)*7))*100 -> 113.49206 | V59: =C59+D59-T59 -> 0
B60: E | C60: 7 | D60: 4 | E60: =((($B$3*C60)+(12*D60))*$E$4)/7 -> 2.8392857 | F60: 3 | G60: 0 | H60: 0 | I60: 0 | J60: 0 | K60: 0 | M60: =(F60+G60+H60+L60)-E60 -> 0.16071429 | N60: =(((C60*4.5)+(12*D60))*$E$4)/((F60+G60+H60+I60+J60+K60+L60)*7)*100 -> 94.642857 | O60: 0 | P60: 0 | Q60: 7 | R60: 1 | S60: 3 | T60: =SUM(O60:S60) -> 11 | U60: =((((O60*1.5+(P60*3.5)+(Q60*5.5)+(R60*7.5)+(S60*12)))/3)/((F60+G60+H60+I60+J60+K60+L60)*7))*100 -> 130.15873 | V60: =C60+D60-T60 -> 0
A61: 18 | B61: N | C61: 7 | D61: 4 | E61: =((($B$3*C61)+(12*D61))*$E$4)/7 -> 2.8392857 | F61: 3 | G61: 0 | H61: 0 | I61: 0 | J61: 0 | K61: 0 | M61: =(F61+G61+H61+L61)-E61 -> 0.16071429 | N61: =(((C61*4.5)+(12*D61))*$E$4)/((F61+G61+H61+I61+J61+K61+L61)*7)*100 -> 94.642857 | O61: 0 | P61: 0 | Q61: 8 | R61: 0 | S61: 3 | T61: =SUM(O61:S61) -> 11 | U61: =((((O61*1.5+(P61*3.5)+(Q61*5.5)+(R61*7.5)+(S61*12)))/3)/((F61+G61+H61+I61+J61+K61+L61)*7))*100 -> 126.98413 | V61: =C61+D61-T61 -> 0
B62: D | C62: 8 | D62: 4 | E62: =((($B$3*C62)+(12*D62))*$E$4)/7 -> 3 | F62: 4 | G62: 0 | H62: 0 | I62: 0 | J62: 0 | K62: 1 | M62: =(F62+G62+H62+L62)-E62 -> 1 | N62: =(((C62*4.5)+(12*D62))*$E$4)/((F62+G62+H62+I62+J62+K62+L62)*7)*100 -> 60 | O62: 0 | P62: 2 | Q62: 9 | R62: 0 | S62: 1 | T62: =SUM(O62:S62) -> 12 | U62: =((((O62*1.5+(P62*3.5)+(Q62*5.5)+(R62*7.5)+(S62*12)))/3)/((F62+G62+H62+I62+J62+K62+L62)*7))*100 -> 65.238095 | V62: =C62+D62-T62 -> 0
B63: E | C63: 8 | D63: 4 | E63: =((($B$3*C63)+(12*D63))*$E$4)/7 -> 3 | F63: 3 | G63: 0 | H63: 0 | I63: 0 | J63: 0 | K63: 0 | M63: =(F63+G63+H63+L63)-E63 -> 0 | N63: =(((C63*4.5)+(12*D63))*$E$4)/((F63+G63+H63+I63+J63+K63+L63)*7)*100 -> 100 | O63: 0 | P63: 0 | Q63: 10 | R63: 0 | S63: 2 | T63: =SUM(O63:S63) -> 12 | U63: =((((O63*1.5+(P63*3.5)+(Q63*5.5)+(R63*7.5)+(S63*12)))/3)/((F63+G63+H63+I63+J63+K63+L63)*7))*100 -> 125.39683 | V63: =C63+D63-T63 -> 0
A64: 19 | B64: N | C64: 8 | D64: 4 | E64: =((($B$3*C64)+(12*D64))*$E$4)/7 -> 3 | F64: 3 | G64: 0 | H64: 0 | I64: 0 | J64: 0 | K64: 0 | M64: =(F64+G64+H64+L64)-E64 -> 0 | N64: =(((C64*4.5)+(12*D64))*$E$4)/((F64+G64+H64+I64+J64+K64+L64)*7)*100 -> 100 | O64: 0 | P64: 0 | Q64: 10 | R64: 0 | S64: 2 | T64: =SUM(O64:S64) -> 12 | U64: =((((O64*1.5+(P64*3.5)+(Q64*5.5)+(R64*7.5)+(S64*12)))/3)/((F64+G64+H64+I64+J64+K64+L64)*7))*100 -> 125.39683 | V64: =C64+D64-T64 -> 0
B65: D | C65: 9 | D65: 4 | E65: =((($B$3*C65)+(12*D65))*$E$4)/7 -> 3.1607143 | F65: 3 | G65: 0 | H65: 0 | I65: 0 | J65: 0 | K65: 1 | M65: =(F65+G65+H65+L65)-E65 -> -0.16071429 | N65: =(((C65*4.5)+(12*D65))*$E$4)/((F65+G65+H65+I65+J65+K65+L65)*7)*100 -> 79.017857 | O65: 0 | P65: 1 | Q65: 10 | R65: 0 | S65: 2 | T65: =SUM(O65:S65) -> 13 | U65: =((((O65*1.5+(P65*3.5)+(Q65*5.5)+(R65*7.5)+(S65*12)))/3)/((F65+G65+H65+I65+J65+K65+L65)*7))*100 -> 98.214286 | V65: =C65+D65-T65 -> 0
B66: E | C66: 8 | D66: 5 | E66: =((($B$3*C66)+(12*D66))*$E$4)/7 -> 3.4285714 | F66: 3 | G66: 0 | H66: 0 | I66: 0 | J66: 0 | K66: 0 | M66: =(F66+G66+H66+L66)-E66 -> -0.42857143 | N66: =(((C66*4.5)+(12*D66))*$E$4)/((F66+G66+H66+I66+J66+K66+L66)*7)*100 -> 114.28571 | O66: 0 | P66: 0 | Q66: 9 | R66: 0 | S66: 4 | T66: =SUM(O66:S66) -> 13 | U66: =((((O66*1.5+(P66*3.5)+(Q66*5.5)+(R66*7.5)+(S66*12)))/3)/((F66+G66+H66+I66+J66+K66+L66)*7))*100 -> 154.7619 | V66: =C66+D66-T66 -> 0
A67: 20 | B67: N | C67: 8 | D67: 5 | E67: =((($B$3*C67)+(12*D67))*$E$4)/7 -> 3.4285714 | F67: 3 | G67: 0 | H67: 0 | I67: 0 | J67: 0 | K67: 0 | M67: =(F67+G67+H67+L67)-E67 -> -0.42857143 | N67: =(((C67*4.5)+(12*D67))*$E$4)/((F67+G67+H67+I67+J67+K67+L67)*7)*100 -> 114.28571 | O67: 0 | P67: 0 | Q67: 9 | R67: 0 | S67: 4 | T67: =SUM(O67:S67) -> 13 | U67: =((((O67*1.5+(P67*3.5)+(Q67*5.5)+(R67*7.5)+(S67*12)))/3)/((F67+G67+H67+I67+J67+K67+L67)*7))*100 -> 154.7619 | V67: =C67+D67-T67 -> 0
B68: D | C68: 7 | D68: 5 | E68: =((($B$3*C68)+(12*D68))*$E$4)/7 -> 3.2678571 | F68: 4 | G68: 0 | H68: 1 | I68: 0 | J68: 0 | K68: 0 | M68: =(F68+G68+H68+L68)-E68 -> 1.7321429 | N68: =(((C68*4.5)+(12*D68))*$E$4)/((F68+G68+H68+I68+J68+K68+L68)*7)*100 -> 65.357143 | O68: 0 | P68: 1 | Q68: 7 | R68: 0 | S68: 4 | T68: =SUM(O68:S68) -> 12 | U68: =((((O68*1.5+(P68*3.5)+(Q68*5.5)+(R68*7.5)+(S68*12)))/3)/((F68+G68+H68+I68+J68+K68+L68)*7))*100 -> 85.714286 | V68: =C68+D68-T68 -> 0
B69: E | C69: 7 | D69: 5 | E69: =((($B$3*C69)+(12*D69))*$E$4)/7 -> 3.2678571 | F69: 3 | G69: 0 | H69: 1 | I69: 0 | J69: 0 | K69: 0 | M69: =(F69+G69+H69+L69)-E69 -> 0.73214286 | N69: =(((C69*4.5)+(12*D69))*$E$4)/((F69+G69+H69+I69+J69+K69+L69)*7)*100 -> 81.696429 | O69: 0 | P69: 0 | Q69: 8 | R69: 0 | S69: 4 | T69: =SUM(O69:S69) -> 12 | U69: =((((O69*1.5+(P69*3.5)+(Q69*5.5)+(R69*7.5)+(S69*12)))/3)/((F69+G69+H69+I69+J69+K69+L69)*7))*100 -> 109.52381 | V69: =C69+D69-T69 -> 0
A70: 21 | B70: N | C70: 8 | D70: 5 | E70: =((($B$3*C70)+(12*D70))*$E$4)/7 -> 3.4285714 | F70: 3 | G70: 0 | H70: 0 | I70: 0 | J70: 0 | K70: 0 | M70: =(F70+G70+H70+L70)-E70 -> -0.42857143 | N70: =(((C70*4.5)+(12*D70))*$E$4)/((F70+G70+H70+I70+J70+K70+L70)*7)*100 -> 114.28571 | O70: 0 | P70: 0 | Q70: 8 | R70: 1 | S70: 4 | T70: =SUM(O70:S70) -> 13 | U70: =((((O70*1.5+(P70*3.5)+(Q70*5.5)+(R70*7.5)+(S70*12)))/3)/((F70+G70+H70+I70+J70+K70+L70)*7))*100 -> 157.93651 | V70: =C70+D70-T70 -> 0
B71: D | C71: 9 | D71: 3 | E71: =((($B$3*C71)+(12*D71))*$E$4)/7 -> 2.7321429 | F71: 3 | G71: 0 | H71: 1 | I71: 0 | J71: 0 | K71: 0 | M71: =(F71+G71+H71+L71)-E71 -> 1.2678571 | N71: =(((C71*4.5)+(12*D71))*$E$4)/((F71+G71+H71+I71+J71+K71+L71)*7)*100 -> 68.303571 | O71: 0 | P71: 1 | Q71: 8 | R71: 0 | S71: 3 | T71: =SUM(O71:S71) -> 12 | U71: =((((O71*1.5+(P71*3.5)+(Q71*5.5)+(R71*7.5)+(S71*12)))/3)/((F71+G71+H71+I71+J71+K71+L71)*7))*100 -> 99.404762 | V71: =C71+D71-T71 -> 0
B72: E | C72: 9 | D72: 3 | E72: =((($B$3*C72)+(12*D72))*$E$4)/7 -> 2.7321429 | F72: 3 | G72: 0 | H72: 0 | I72: 0 | J72: 0 | K72: 0 | M72: =(F72+G72+H72+L72)-E72 -> 0.26785714 | N72: =(((C72*4.5)+(12*D72))*$E$4)/((F72+G72+H72+I72+J72+K72+L72)*7)*100 -> 91.071429 | O72: 0 | P72: 0 | Q72: 8 | R72: 1 | S72: 3 | T72: =SUM(O72:S72) -> 12 | U72: =((((O72*1.5+(P72*3.5)+(Q72*5.5)+(R72*7.5)+(S72*12)))/3)/((F72+G72+H72+I72+J72+K72+L72)*7))*100 -> 138.88889 | V72: =C72+D72-T72 -> 0
A73: 22 | B73: N | C73: 8 | D73: 3 | E73: =((($B$3*C73)+(12*D73))*$E$4)/7 -> 2.5714286 | F73: 3 | G73: 0 | H73: 0 | I73: 0 | J73: 0 | K73: 0 | M73: =(F73+G73+H73+L73)-E73 -> 0.42857143 | N73: =(((C73*4.5)+(12*D73))*$E$4)/((F73+G73+H73+I73+J73+K73+L73)*7)*100 -> 85.714286 | O73: 0 | P73: 0 | Q73: 8 | R73: 0 | S73: 3 | T73: =SUM(O73:S73) -> 11 | U73: =((((O73*1.5+(P73*3.5)+(Q73*5.5)+(R73*7.5)+(S73*12)))/3)/((F73+G73+H73+I73+J73+K73+L73)*7))*100 -> 126.98413 | V73: =C73+D73-T73 -> 0
B74: D | C74: 10 | D74: 3 | E74: =((($B$3*C74)+(12*D74))*$E$4)/7 -> 2.8928571 | F74: 3 | G74: 0 | H74: 1 | I74: 0 | J74: 0 | K74: 0 | M74: =(F74+G74+H74+L74)-E74 -> 1.1071429 | N74: =(((C74*4.5)+(12*D74))*$E$4)/((F74+G74+H74+I74+J74+K74+L74)*7)*100 -> 72.321429 | O74: 0 | P74: 1 | Q74: 9 | R74: 0 | S74: 3 | T74: =SUM(O74:S74) -> 13 | U74: =((((O74*1.5+(P74*3.5)+(Q74*5.5)+(R74*7.5)+(S74*12)))/3)/((F74+G74+H74+I74+J74+K74+L74)*7))*100 -> 105.95238 | V74: =C74+D74-T74 -> 0
B75: E | C75: 9 | D75: 5 | E75: =((($B$3*C75)+(12*D75))*$E$4)/7 -> 3.5892857 | F75: 3 | G75: 0 | H75: 0 | I75: 0 | J75: 0 | K75: 0 | M75: =(F75+G75+H75+L75)-E75 -> -0.58928571 | N75: =(((C75*4.5)+(12*D75))*$E$4)/((F75+G75+H75+I75+J75+K75+L75)*7)*100 -> 119.64286 | O75: 0 | P75: 0 | Q75: 9 | R75: 0 | S75: 5 | T75: =SUM(O75:S75) -> 14 | U75: =((((O75*1.5+(P75*3.5)+(Q75*5.5)+(R75*7.5)+(S75*12)))/3)/((F75+G75+H75+I75+J75+K75+L75)*7))*100 -> 173.80952 | V75: =C75+D75-T75 -> 0
A76: 23 | B76: N | C76: 9 | D76: 5 | E76: =((($B$3*C76)+(12*D76))*$E$4)/7 -> 3.5892857 | F76: 3 | G76: 0 | H76: 0 | I76: 0 | J76: 0 | K76: 0 | M76: =(F76+G76+H76+L76)-E76 -> -0.58928571 | N76: =(((C76*4.5)+(12*D76))*$E$4)/((F76+G76+H76+I76+J76+K76+L76)*7)*100 -> 119.64286 | O76: 0 | P76: 0 | Q76: 9 | R76: 0 | S76: 5 | T76: =SUM(O76:S76) -> 14 | U76: =((((O76*1.5+(P76*3.5)+(Q76*5.5)+(R76*7.5)+(S76*12)))/3)/((F76+G76+H76+I76+J76+K76+L76)*7))*100 -> 173.80952 | V76: =C76+D76-T76 -> 0
B77: D | C77: 8 | D77: 5 | E77: =((($B$3*C77)+(12*D77))*$E$4)/7 -> 3.4285714 | F77: 3 | G77: 0 | H77: 1 | I77: 0 | J77: 0 | K77: 0 | M77: =(F77+G77+H77+L77)-E77 -> 0.57142857 | N77: =(((C77*4.5)+(12*D77))*$E$4)/((F77+G77+H77+I77+J77+K77+L77)*7)*100 -> 85.714286 | O77: 0 | P77: 3 | Q77: 5 | R77: 0 | S77: 5 | T77: =SUM(O77:S77) -> 13 | U77: =((((O77*1.5+(P77*3.5)+(Q77*5.5)+(R77*7.5)+(S77*12)))/3)/((F77+G77+H77+I77+J77+K77+L77)*7))*100 -> 116.66667 | V77: =C77+D77-T77 -> 0
B78: E | C78: 6 | D78: 6 | E78: =((($B$3*C78)+(12*D78))*$E$4)/7 -> 3.5357143 | F78: 3 | G78: 0 | H78: 0 | I78: 0 | J78: 0 | K78: 0 | M78: =(F78+G78+H78+L78)-E78 -> -0.53571429 | N78: =(((C78*4.5)+(12*D78))*$E$4)/((F78+G78+H78+I78+J78+K78+L78)*7)*100 -> 117.85714 | O78: 0 | P78: 0 | Q78: 6 | R78: 0 | S78: 6 | T78: =SUM(O78:S78) -> 12 | U78: =((((O78*1.5+(P78*3.5)+(Q78*5.5)+(R78*7.5)+(S78*12)))/3)/((F78+G78+H78+I78+J78+K78+L78)*7))*100 -> 166.66667 | V78: =C78+D78-T78 -> 0
A79: 24 | B79: N | C79: 6 | D79: 6 | E79: =((($B$3*C79)+(12*D79))*$E$4)/7 -> 3.5357143 | F79: 3 | G79: 0 | H79: 0 | I79: 0 | J79: 0 | K79: 0 | M79: =(F79+G79+H79+L79)-E79 -> -0.53571429 | N79: =(((C79*4.5)+(12*D79))*$E$4)/((F79+G79+H79+I79+J79+K79+L79)*7)*100 -> 117.85714 | O79: 0 | P79: 0 | Q79: 6 | R79: 0 | S79: 6 | T79: =SUM(O79:S79) -> 12 | U79: =((((O79*1.5+(P79*3.5)+(Q79*5.5)+(R79*7.5)+(S79*12)))/3)/((F79+G79+H79+I79+J79+K79+L79)*7))*100 -> 166.66667 | V79: =C79+D79-T79 -> 0
B80: D | C80: 8 | D80: 6 | E80: =((($B$3*C80)+(12*D80))*$E$4)/7 -> 3.8571429 | F80: 2 | G80: 0 | H80: 1 | I80: 1 | J80: 0 | K80: 0 | M80: =(F80+G80+H80+L80)-E80 -> -0.85714286 | N80: =(((C80*4.5)+(12*D80))*$E$4)/((F80+G80+H80+I80+J80+K80+L80)*7)*100 -> 96.428571 | O80: 0 | P80: 0 | Q80: 8 | R80: 0 | S80: 6 | T80: =SUM(O80:S80) -> 14 | U80: =((((O80*1.5+(P80*3.5)+(Q80*5.5)+(R80*7.5)+(S80*12)))/3)/((F80+G80+H80+I80+J80+K80+L80)*7))*100 -> 138.09524 | V80: =C80+D80-T80 -> 0
B81: E | C81: 6 | D81: 6 | E81: =((($B$3*C81)+(12*D81))*$E$4)/7 -> 3.5357143 | F81: 1 | G81: 0 | H81: 0 | I81: 2 | J81: 0 | K81: 0 | M81: =(F81+G81+H81+L81)-E81 -> -2.5357143 | N81: =(((C81*4.5)+(12*D81))*$E$4)/((F81+G81+H81+I81+J81+K81+L81)*7)*100 -> 117.85714 | O81: 0 | P81: 0 | Q81: 6 | R81: 0 | S81: 6 | T81: =SUM(O81:S81) -> 12 | U81: =((((O81*1.5+(P81*3.5)+(Q81*5.5)+(R81*7.5)+(S81*12)))/3)/((F81+G81+H81+I81+J81+K81+L81)*7))*100 -> 166.66667 | V81: =C81+D81-T81 -> 0
A82: 25 | B82: N | C82: 7 | D82: 6 | E82: =((($B$3*C82)+(12*D82))*$E$4)/7 -> 3.6964286 | F82: 3 | G82: 0 | H82: 0 | I82: 0 | J82: 0 | K82: 0 | M82: =(F82+G82+H82+L82)-E82 -> -0.69642857 | N82: =(((C82*4.5)+(12*D82))*$E$4)/((F82+G82+H82+I82+J82+K82+L82)*7)*100 -> 123.21429 | O82: 0 | P82: 0 | Q82: 6 | R82: 1 | S82: 6 | T82: =SUM(O82:S82) -> 13 | U82: =((((O82*1.5+(P82*3.5)+(Q82*5.5)+(R82*7.5)+(S82*12)))/3)/((F82+G82+H82+I82+J82+K82+L82)*7))*100 -> 178.57143 | V82: =C82+D82-T82 -> 0
B83: D | C83: 7 | D83: 6 | E83: =((($B$3*C83)+(12*D83))*$E$4)/7 -> 3.6964286 | F83: 3 | G83: 0 | H83: 0 | I83: 1 | J83: 0 | K83: 0 | M83: =(F83+G83+H83+L83)-E83 -> -0.69642857 | N83: =(((C83*4.5)+(12*D83))*$E$4)/((F83+G83+H83+I83+J83+K83+L83)*7)*100 -> 92.410714 | O83: 0 | P83: 1 | Q83: 6 | R83: 0 | S83: 6 | T83: =SUM(O83:S83) -> 13 | U83: =((((O83*1.5+(P83*3.5)+(Q83*5.5)+(R83*7.5)+(S83*12)))/3)/((F83+G83+H83+I83+J83+K83+L83)*7))*100 -> 129.16667 | V83: =C83+D83-T83 -> 0
B84: E | C84: 6 | D84: 6 | E84: =((($B$3*C84)+(12*D84))*$E$4)/7 -> 3.5357143 | F84: 3 | G84: 0 | H84: 0 | I84: 0 | J84: 0 | K84: 0 | M84: =(F84+G84+H84+L84)-E84 -> -0.53571429 | N84: =(((C84*4.5)+(12*D84))*$E$4)/((F84+G84+H84+I84+J84+K84+L84)*7)*100 -> 117.85714 | O84: 0 | P84: 0 | Q84: 5 | R84: 1 | S84: 6 | T84: =SUM(O84:S84) -> 12 | U84: =((((O84*1.5+(P84*3.5)+(Q84*5.5)+(R84*7.5)+(S84*12)))/3)/((F84+G84+H84+I84+J84+K84+L84)*7))*100 -> 169.84127 | V84: =C84+D84-T84 -> 0
A85: 26 | B85: N | C85: 5 | D85: 7 | E85: =((($B$3*C85)+(12*D85))*$E$4)/7 -> 3.8035714 | F85: 3 | G85: 0 | H85: 0 | I85: 0 | J85: 0 | K85: 0 | M85: =(F85+G85+H85+L85)-E85 -> -0.80357143 | N85: =(((C85*4.5)+(12*D85))*$E$4)/((F85+G85+H85+I85+J85+K85+L85)*7)*100 -> 126.78571 | O85: 0 | P85: 0 | Q85: 3 | R85: 2 | S85: 7 | T85: =SUM(O85:S85) -> 12 | U85: =((((O85*1.5+(P85*3.5)+(Q85*5.5)+(R85*7.5)+(S85*12)))/3)/((F85+G85+H85+I85+J85+K85+L85)*7))*100 -> 183.33333 | V85: =C85+D85-T85 -> 0
B86: D | C86: 6 | D86: 7 | E86: =((($B$3*C86)+(12*D86))*$E$4)/7 -> 3.9642857 | F86: 4 | G86: 0 | H86: 1 | I86: 0 | J86: 0 | K86: 0 | L86: 0 | M86: =(F86+G86+H86+L86)-E86 -> 1.0357143 | N86: =(((C86*4.5)+(12*D86))*$E$4)/((F86+G86+H86+I86+J86+K86+L86)*7)*100 -> 79.285714 | O86: 0 | P86: 3 | Q86: 3 | R86: 0 | S86: 7 | T86: =SUM(O86:S86) -> 13 | U86: =((((O86*1.5+(P86*3.5)+(Q86*5.5)+(R86*7.5)+(S86*12)))/3)/((F86+G86+H86+I86+J86+K86+L86)*7))*100 -> 105.71429 | V86: =C86+D86-T86 -> 0
B87: E | C87: 4 | D87: 7 | E87: =((($B$3*C87)+(12*D87))*$E$4)/7 -> 3.6428571 | F87: 3 | G87: 0 | H87: 1 | I87: 0 | J87: 0 | K87: 0 | M87: =(F87+G87+H87+L87)-E87 -> 0.35714286 | N87: =(((C87*4.5)+(12*D87))*$E$4)/((F87+G87+H87+I87+J87+K87+L87)*7)*100 -> 91.071429 | O87: 0 | P87: 0 | Q87: 5 | R87: 2 | S87: 4 | T87: =SUM(O87:S87) -> 11 | U87: =((((O87*1.5+(P87*3.5)+(Q87*5.5)+(R87*7.5)+(S87*12)))/3)/((F87+G87+H87+I87+J87+K87+L87)*7))*100 -> 107.7381 | V87: =C87+D87-T87 -> 0
A88: 27 | B88: N | C88: 5 | D88: 7 | E88: =((($B$3*C88)+(12*D88))*$E$4)/7 -> 3.8035714 | F88: 3 | G88: 0 | H88: 0 | I88: 0 | J88: 0 | K88: 0 | M88: =(F88+G88+H88+L88)-E88 -> -0.80357143 | N88: =(((C88*4.5)+(12*D88))*$E$4)/((F88+G88+H88+I88+J88+K88+L88)*7)*100 -> 126.78571 | O88: 0 | P88: 0 | Q88: 6 | R88: 1 | S88: 5 | T88: =SUM(O88:S88) -> 12 | U88: =((((O88*1.5+(P88*3.5)+(Q88*5.5)+(R88*7.5)+(S88*12)))/3)/((F88+G88+H88+I88+J88+K88+L88)*7))*100 -> 159.52381 | V88: =C88+D88-T88 -> 0
B89: D | C89: 6 | D89: 5 | E89: =((($B$3*C89)+(12*D89))*$E$4)/7 -> 3.1071429 | F89: 4 | G89: 0 | H89: 1 | I89: 0 | J89: 0 | K89: 0 | M89: =(F89+G89+H89+L89)-E89 -> 1.8928571 | N89: =(((C89*4.5)+(12*D89))*$E$4)/((F89+G89+H89+I89+J89+K89+L89)*7)*100 -> 62.142857 | O89: 0 | P89: 0 | Q89: 5 | R89: 1 | S89: 5 | T89: =SUM(O89:S89) -> 11 | U89: =((((O89*1.5+(P89*3.5)+(Q89*5.5)+(R89*7.5)+(S89*12)))/3)/((F89+G89+H89+I89+J89+K89+L89)*7))*100 -> 90.47619 | V89: =C89+D89-T89 -> 0
B90: E | C90: 8 | D90: 6 | E90: =((($B$3*C90)+(12*D90))*$E$4)/7 -> 3.8571429 | F90: 4 | G90: 0 | H90: 0 | I90: 0 | J90: 0 | K90: 0 | M90: =(F90+G90+H90+L90)-E90 -> 0.14285714 | N90: =(((C90*4.5)+(12*D90))*$E$4)/((F90+G90+H90+I90+J90+K90+L90)*7)*100 -> 96.428571 | O90: 0 | P90: 0 | Q90: 9 | R90: 0 | S90: 5 | T90: =SUM(O90:S90) -> 14 | U90: =((((O90*1.5+(P90*3.5)+(Q90*5.5)+(R90*7.5)+(S90*12)))/3)/((F90+G90+H90+I90+J90+K90+L90)*7))*100 -> 130.35714 | V90: =C90+D90-T90 -> 0
A91: 28 | B91: N | C91: 8 | D91: 6 | E91: =((($B$3*C91)+(12*D91))*$E$4)/7 -> 3.8571429 | F91: 3 | G91: 0 | H91: 0 | I91: 0 | J91: 0 | K91: 0 | M91: =(F91+G91+H91+L91)-E91 -> -0.85714286 | N91: =(((C91*4.5)+(12*D91))*$E$4)/((F91+G91+H91+I91+J91+K91+L91)*7)*100 -> 128.57143 | O91: 0 | P91: 0 | Q91: 9 | R91: 0 | S91: 5 | T91: =SUM(O91:S91) -> 14 | U91: =((((O91*1.5+(P91*3.5)+(Q91*5.5)+(R91*7.5)+(S91*12)))/3)/((F91+G91+H91+I91+J91+K91+L91)*7))*100 -> 173.80952 | V91: =C91+D91-T91 -> 0
B92: D | C92: 10 | D92: 5 | E92: =((($B$3*C92)+(12*D92))*$E$4)/7 -> 3.75 | F92: 3 | G92: 0 | H92: 1 | I92: 0 | J92: 0 | K92: 0 | M92: =(F92+G92+H92+L92)-E92 -> 0.25 | N92: =(((C92*4.5)+(12*D92))*$E$4)/((F92+G92+H92+I92+J92+K92+L92)*7)*100 -> 93.75 | O92: 0 | P92: 1 | Q92: 10 | R92: 0 | S92: 5 | T92: =SUM(O92:S92) -> 16 | U92: =((((O92*1.5+(P92*3.5)+(Q92*5.5)+(R92*7.5)+(S92*12)))/3)/((F92+G92+H92+I92+J92+K92+L92)*7))*100 -> 141.07143 | V92: =C92+D92-T92 -> -1
B93: E | C93: 9 | D93: 5 | E93: =((($B$3*C93)+(12*D93))*$E$4)/7 -> 3.5892857 | F93: 3 | G93: 0 | H93: 0 | I93: 0 | J93: 0 | K93: 0 | M93: =(F93+G93+H93+L93)-E93 -> -0.58928571 | N93: =(((C93*4.5)+(12*D93))*$E$4)/((F93+G93+H93+I93+J93+K93+L93)*7)*100 -> 119.64286 | O93: 0 | P93: 0 | Q93: 9 | R93: 0 | S93: 5 | T93: =SUM(O93:S93) -> 14 | U93: =((((O93*1.5+(P93*3.5)+(Q93*5.5)+(R93*7.5)+(S93*12)))/3)/((F93+G93+H93+I93+J93+K93+L93)*7))*100 -> 173.80952 | V93: =C93+D93-T93 -> 0
A94: 29 | B94: N | C94: 10 | D94: 5 | E94: =((($B$3*C94)+(12*D94))*$E$4)/7 -> 3.75 | F94: 3 | G94: 0 | H94: 0 | I94: 0 | J94: 0 | K94: 0 | M94: =(F94+G94+H94+L94)-E94 -> -0.75 | N94: =(((C94*4.5)+(12*D94))*$E$4)/((F94+G94+H94+I94+J94+K94+L94)*7)*100 -> 125 | O94: 0 | P94: 0 | Q94: 9 | R94: 1 | S94: 5 | T94: =SUM(O94:S94) -> 15 | U94: =((((O94*1.5+(P94*3.5)+(Q94*5.5)+(R94*7.5)+(S94*12)))/3)/((F94+G94+H94+I94+J94+K94+L94)*7))*100 -> 185.71429 | V94: =C94+D94-T94 -> 0
B95: D | C95: 10 | D95: 5 | E95: =((($B$3*C95)+(12*D95))*$E$4)/7 -> 3.75 | F95: 3 | G95: 0 | H95: 0 | I95: 0 | J95: 0 | K95: 0 | M95: =(F95+G95+H95+L95)-E95 -> -0.75 | N95: =(((C95*4.5)+(12*D95))*$E$4)/((F95+G95+H95+I95+J95+K95+L95)*7)*100 -> 125 | O95: 0 | P95: 0 | Q95: 9 | R95: 1 | S95: 5 | T95: =SUM(O95:S95) -> 15 | U95: =((((O95*1.5+(P95*3.5)+(Q95*5.5)+(R95*7.5)+(S95*12)))/3)/((F95+G95+H95+I95+J95+K95+L95)*7))*100 -> 185.71429 | V95: =C95+D95-T95 -> 0
B96: E | C96: 10 | D96: 5 | E96: =((($B$3*C96)+(12*D96))*$E$4)/7 -> 3.75 | F96: 3 | G96: 0 | H96: 0 | I96: 0 | J96: 0 | K96: 0 | M96: =(F96+G96+H96+L96)-E96 -> -0.75 | N96: =(((C96*4.5)+(12*D96))*$E$4)/((F96+G96+H96+I96+J96+K96+L96)*7)*100 -> 125 | O96: 0 | P96: 0 | Q96: 10 | R96: 1 | S96: 4 | T96: =SUM(O96:S96) -> 15 | U96: =((((O96*1.5+(P96*3.5)+(Q96*5.5)+(R96*7.5)+(S96*12)))/3)/((F96+G96+H96+I96+J96+K96+L96)*7))*100 -> 175.39683 | V96: =C96+D96-T96 -> 0
A97: 30 | B97: N | C97: 10 | D97: 5 | E97: =((($B$3*C97)+(12*D97))*$E$4)/7 -> 3.75 | F97: 3 | G97: 0 | H97: 0 | I97: 0 | J97: 0 | K97: 0 | M97: =(F97+G97+H97+L97)-E97 -> -0.75 | N97: =(((C97*4.5)+(12*D97))*$E$4)/((F97+G97+H97+I97+J97+K97+L97)*7)*100 -> 125 | O97: 0 | P97: 0 | Q97: 11 | R97: 0 | S97: 4 | T97: =SUM(O97:S97) -> 15 | U97: =((((O97*1.5+(P97*3.5)+(Q97*5.5)+(R97*7.5)+(S97*12)))/3)/((F97+G97+H97+I97+J97+K97+L97)*7))*100 -> 172.22222 | V97: =C97+D97-T97 -> 0
B98: D | C98: 11 | D98: 4 | E98: =((($B$3*C98)+(12*D98))*$E$4)/7 -> 3.4821429 | F98: 3 | G98: 0 | H98: 0 | I98: 0 | J98: 0 | K98: 0 | M98: =(F98+G98+H98+L98)-E98 -> -0.48214286 | N98: =(((C98*4.5)+(12*D98))*$E$4)/((F98+G98+H98+I98+J98+K98+L98)*7)*100 -> 116.07143 | O98: 0 | P98: 3 | Q98: 9 | R98: 0 | S98: 3 | T98: =SUM(O98:S98) -> 15 | U98: =((((O98*1.5+(P98*3.5)+(Q98*5.5)+(R98*7.5)+(S98*12)))/3)/((F98+G98+H98+I98+J98+K98+L98)*7))*100 -> 152.38095 | V98: =C98+D98-T98 -> 0
B99: E | C99: 10 | D99: 4 | E99: =((($B$3*C99)+(12*D99))*$E$4)/7 -> 3.3214286 | F99: 3 | G99: 0 | H99: 0 | I99: 0 | J99: 0 | K99: 0 | M99: =(F99+G99+H99+L99)-E99 -> -0.32142857 | N99: =(((C99*4.5)+(12*D99))*$E$4)/((F99+G99+H99+I99+J99+K99+L99)*7)*100 -> 110.71429 | O99: 0 | P99: 0 | Q99: 11 | R99: 0 | S99: 3 | T99: =SUM(O99:S99) -> 14 | U99: =((((O99*1.5+(P99*3.5)+(Q99*5.5)+(R99*7.5)+(S99*12)))/3)/((F99+G99+H99+I99+J99+K99+L99)*7))*100 -> 153.1746 | V99: =C99+D99-T99 -> 0
A100: 31 | B100: N | E100: =((($B$3*C100)+(12*D100))*$E$4)/7 -> 0 | M100: =(F100+G100+H100+L100)-E100 -> 0 | N100: =(((C100*4.5)+(12*D100))*$E$4)/((F100+G100+H100+I100+J100+K100+L100)*7)*100 -> #DIV/0! | T100: =SUM(O100:S100) -> 0 | U100: =((((O100*1.5+(P100*3.5)+(Q100*5.5)+(R100*7.5)+(S100*12)))/3)/((F100+G100+H100+I100+J100+K100+L100)*7))*100 -> #DIV/0! | V100: =C100+D100-T100 -> 0
...

Sheet ธค
A1: การคิด FTEรายวัน
A2: หอผู้ป่วย…ทารกวิกฤต…...ประจำเดือน.....ธันวาคม.........พ.ศ....2567.............
A3: NN ผู้ป่วยต่อคน | B3: 4.5 | C3: สัดส่วนตามเวร | E3: N | I3: D | M3: E | O3: ค่าเวร | Q3: =((F103+F105)*240)+((G103+G105)*180) -> 41040 | S3: บาท
E4: 0.25 | I4: 0.4 | M4: 0.35 | O4: ค่าOT | Q4: =((I103+L103+I104+L104+I105+L105)*660)+((J103+J105+J104)*530) -> 18480 | S4: บาท
A5: จำนวนพยาบาลมีจริงเดือนนี้ | C5: 15 | E5: คน | F5: จำนวนวันราชการเดือนนี้ | M5: 18 | N5: วัน
A6: จำนวนพยาบาลตามFTE | C6: =((C106*12)/(M5*7)+((D106*12)/(M5*7))) -> 34.571429 | E6: คน | F6: ขาดเกิน | I6: =C5-C6 -> -19.571429 | L6: คน | M6: product | N6: =((((C106*4.5)+(D106*12))/((F106+G106+H106+I106+J106+K106+L106)*7)))*100 -> 131.85268 | O6: product ตามประเภท | R6: =U106 -> 42.244544
A7: วันที่ | B7: เวร | C7: sick new born | D7: NICU | E7: FTE | F7: ขึ้นตามตารางเวร | L7: OT เสริม | M7: -ขาด/+เกิน | N7: product | O7: ประเภทผู้ป่วย | T7: รวม | U7: product ตามประเภท
F8: ไม่ใช่ OT | I8: OT | O8: 1 | P8: 2 | Q8: 3 | R8: 4 | S8: 5
F9: RN | G9: TN | H9: PN | I9: RN | J9: TN | K9: PN
A10: 1 | B10: N | C10: 9 | D10: 4 | E10: =((($B$3*C10)+(12*D10))*$E$4)/7 -> 3.1607143 | F10: 2 | G10: 0 | H10: 0 | I10: 1 | J10: 0 | K10: 0 | M10: =(F10+G10+H10+L10)-E10 -> -1.1607143 | N10: =(((C10*4.5)+(12*D10))*$E$4)/((F10+G10+H10+I10+J10+K10+L10)*7)*100 -> 105.35714 | O10: 0 | P10: 0 | Q10: 10 | R10: 0 | S10: 3 | T10: =SUM(O10:S10) -> 13 | U10: =((((O10*1.5+(P10*3.5)+(Q10*5.5)+(R10*7.5)+(S10*12)))/3)/((F10+G10+H10+I10+J10+K10+L10)*7))*100 -> 144.44444 | V10: =C10+D10-T10 -> 0
B11: D | C11: 13 | D11: 4 | E11: =((($B$3*C11)+(12*D11))*$E$4)/7 -> 3.8035714 | F11: 3 | G11: 0 | H11: 0 | I11: 0 | J11: 0 | K11: 1 | M11: =(F11+G11+H11+L11)-E11 -> -0.80357143 | N11: =(((C11*4.5)+(12*D11))*$E$4)/((F11+G11+H11+I11+J11+K11+L11)*7)*100 -> 95.089286 | O11: 0 | P11: 0 | Q11: 13 | R11: 0 | S11: 4 | T11: =SUM(O11:S11) -> 17 | U11: =((((O11*1.5+(P11*3.5)+(Q11*5.5)+(R11*7.5)+(S11*12)))/3)/((F11+G11+H11+I11+J11+K11+L11)*7))*100 -> 142.2619 | V11: =C11+D11-T11 -> 0
B12: E | C12: 11 | D12: 4 | E12: =((($B$3*C12)+(12*D12))*$E$4)/7 -> 3.4821429 | F12: 3 | G12: 0 | H12: 0 | I12: 0 | J12: 0 | K12: 0 | M12: =(F12+G12+H12+L12)-E12 -> -0.48214286 | N12: =(((C12*4.5)+(12*D12))*$E$4)/((F12+G12+H12+I12+J12+K12+L12)*7)*100 -> 116.07143 | O12: 0 | P12: 0 | Q12: 11 | R12: 0 | S12: 4 | T12: =SUM(O12:S12) -> 15 | U12: =((((O12*1.5+(P12*3.5)+(Q12*5.5)+(R12*7.5)+(S12*12)))/3)/((F12+G12+H12+I12+J12+K12+L12)*7))*100 -> 172.22222 | V12: =C12+D12-T12 -> 0
A13: 2 | B13: N | C13: 11 | D13: 4 | E13: =((($B$3*C13)+(12*D13))*$E$4)/7 -> 3.4821429 | F13: 3 | G13: 0 | H13: 0 | I13: 0 | J13: 0 | K13: 0 | M13: =(F13+G13+H13+L13)-E13 -> -0.48214286 | N13: =(((C13*4.5)+(12*D13))*$E$4)/((F13+G13+H13+I13+J13+K13+L13)*7)*100 -> 116.07143 | O13: 0 | P13: 0 | Q13: 11 | R13: 0 | S13: 4 | T13: =SUM(O13:S13) -> 15 | U13: =((((O13*1.5+(P13*3.5)+(Q13*5.5)+(R13*7.5)+(S13*12)))/3)/((F13+G13+H13+I13+J13+K13+L13)*7))*100 -> 172.22222 | V13: =C13+D13-T13 -> 0
B14: D | C14: 10 | D14: 4 | E14: =((($B$3*C14)+(12*D14))*$E$4)/7 -> 3.3214286 | F14: 2 | G14: 0 | H14: 0 | I14: 1 | J14: 0 | K14: 1 | M14: =(F14+G14+H14+L14)-E14 -> -1.3214286 | N14: =(((C14*4.5)+(12*D14))*$E$4)/((F14+G14+H14+I14+J14+K14+L14)*7)*100 -> 83.035714 | O14: 0 | P14: 2 | Q14: 8 | R14: 0 | S14: 4 | T14: =SUM(O14:S14) -> 14 | U14: =((((O14*1.5+(P14*3.5)+(Q14*5.5)+(R14*7.5)+(S14*12)))/3)/((F14+G14+H14+I14+J14+K14+L14)*7))*100 -> 117.85714 | V14: =C14+D14-T14 -> 0
B15: E | C15: 10 | D15: 4 | E15: =((($B$3*C15)+(12*D15))*$E$4)/7 -> 3.3214286 | F15: 3 | G15: 0 | H15: 0 | I15: 0 | J15: 0 | K15: 0 | M15: =(F15+G15+H15+L15)-E15 -> -0.32142857 | N15: =(((C15*4.5)+(12*D15))*$E$4)/((F15+G15+H15+I15+J15+K15+L15)*7)*100 -> 110.71429 | O15: 0 | P15: 0 | Q15: 10 | R15: 1 | S15: 3 | T15: =SUM(O15:S15) -> 14 | U15: =((((O15*1.5+(P15*3.5)+(Q15*5.5)+(R15*7.5)+(S15*12)))/3)/((F15+G15+H15+I15+J15+K15+L15)*7))*100 -> 156.34921 | V15: =C15+D15-T15 -> 0
A16: 3 | B16: N | C16: 10 | D16: 4 | E16: =((($B$3*C16)+(12*D16))*$E$4)/7 -> 3.3214286 | F16: 3 | G16: 0 | H16: 0 | I16: 0 | J16: 0 | K16: 0 | M16: =(F16+G16+H16+L16)-E16 -> -0.32142857 | N16: =(((C16*4.5)+(12*D16))*$E$4)/((F16+G16+H16+I16+J16+K16+L16)*7)*100 -> 110.71429 | O16: 0 | P16: 0 | Q16: 11 | R16: 1 | S16: 2 | T16: =SUM(O16:S16) -> 14 | U16: =((((O16*1.5+(P16*3.5)+(Q16*5.5)+(R16*7.5)+(S16*12)))/3)/((F16+G16+H16+I16+J16+K16+L16)*7))*100 -> 146.03175 | V16: =C16+D16-T16 -> 0
B17: D | C17: 12 | D17: 5 | E17: =((($B$3*C17)+(12*D17))*$E$4)/7 -> 4.0714286 | F17: 3 | G17: 0 | H17: 0 | I17: 0 | J17: 0 | K17: 1 | M17: =(F17+G17+H17+L17)-E17 -> -1.0714286 | N17: =(((C17*4.5)+(12*D17))*$E$4)/((F17+G17+H17+I17+J17+K17+L17)*7)*100 -> 101.78571 | O17: 0 | P17: 3 | Q17: 10 | R17: 2 | S17: 2 | T17: =SUM(O17:S17) -> 17 | U17: =((((O17*1.5+(P17*3.5)+(Q17*5.5)+(R17*7.5)+(S17*12)))/3)/((F17+G17+H17+I17+J17+K17+L17)*7))*100 -> 124.40476 | V17: =C17+D17-T17 -> 0
B18: E | C18: 8 | D18: 5 | E18: =((($B$3*C18)+(12*D18))*$E$4)/7 -> 3.4285714 | F18: 3 | G18: 0 | H18: 0 | I18: 0 | J18: 0 | K18: 0 | M18: =(F18+G18+H18+L18)-E18 -> -0.42857143 | N18: =(((C18*4.5)+(12*D18))*$E$4)/((F18+G18+H18+I18+J18+K18+L18)*7)*100 -> 114.28571 | O18: 0 | P18: 0 | Q18: 9 | R18: 1 | S18: 3 | T18: =SUM(O18:S18) -> 13 | U18: =((((O18*1.5+(P18*3.5)+(Q18*5.5)+(R18*7.5)+(S18*12)))/3)/((F18+G18+H18+I18+J18+K18+L18)*7))*100 -> 147.61905 | V18: =C18+D18-T18 -> 0
A19: 4 | B19: N | C19: 8 | D19: 5 | E19: =((($B$3*C19)+(12*D19))*$E$4)/7 -> 3.4285714 | F19: 3 | G19: 0 | H19: 0 | I19: 0 | J19: 0 | K19: 0 | M19: =(F19+G19+H19+L19)-E19 -> -0.42857143 | N19: =(((C19*4.5)+(12*D19))*$E$4)/((F19+G19+H19+I19+J19+K19+L19)*7)*100 -> 114.28571 | O19: 0 | P19: 0 | Q19: 9 | R19: 1 | S19: 3 | T19: =SUM(O19:S19) -> 13 | U19: =((((O19*1.5+(P19*3.5)+(Q19*5.5)+(R19*7.5)+(S19*12)))/3)/((F19+G19+H19+I19+J19+K19+L19)*7))*100 -> 147.61905 | V19: =C19+D19-T19 -> 0
B20: D | C20: 10 | D20: 6 | E20: =((($B$3*C20)+(12*D20))*$E$4)/7 -> 4.1785714 | F20: 1 | G20: 0 | H20: 0 | I20: 2 | J20: 0 | K20: 1 | M20: =(F20+G20+H20+L20)-E20 -> -3.1785714 | N20: =(((C20*4.5)+(12*D20))*$E$4)/((F20+G20+H20+I20+J20+K20+L20)*7)*100 -> 104.46429 | O20: 0 | P20: 1 | Q20: 10 | R20: 1 | S20: 5 | T20: =SUM(O20:S20) -> 17 | U20: =((((O20*1.5+(P20*3.5)+(Q20*5.5)+(R20*7.5)+(S20*12)))/3)/((F20+G20+H20+I20+J20+K20+L20)*7))*100 -> 150 | V20: =C20+D20-T20 -> -1
B21: E | C21: 9 | D21: 6 | E21: =((($B$3*C21)+(12*D21))*$E$4)/7 -> 4.0178571 | F21: 3 | G21: 0 | H21: 1 | I21: 0 | J21: 0 | K21: 0 | M21: =(F21+G21+H21+L21)-E21 -> -0.017857143 | N21: =(((C21*4.5)+(12*D21))*$E$4)/((F21+G21+H21+I21+J21+K21+L21)*7)*100 -> 100.44643 | O21: 0 | P21: 0 | Q21: 9 | R21: 1 | S21: 5 | T21: =SUM(O21:S21) -> 15 | U21: =((((O21*1.5+(P21*3.5)+(Q21*5.5)+(R21*7.5)+(S21*12)))/3)/((F21+G21+H21+I21+J21+K21+L21)*7))*100 -> 139.28571 | V21: =C21+D21-T21 -> 0
A22: 5 | B22: N | C22: 9 | D22: 6 | E22: =((($B$3*C22)+(12*D22))*$E$4)/7 -> 4.0178571 | F22: 3 | G22: 0 | H22: 0 | I22: 0 | J22: 0 | K22: 0 | M22: =(F22+G22+H22+L22)-E22 -> -1.0178571 | N22: =(((C22*4.5)+(12*D22))*$E$4)/((F22+G22+H22+I22+J22+K22+L22)*7)*100 -> 133.92857 | O22: 0 | P22: 0 | Q22: 9 | R22: 1 | S22: 5 | T22: =SUM(O22:S22) -> 15 | U22: =((((O22*1.5+(P22*3.5)+(Q22*5.5)+(R22*7.5)+(S22*12)))/3)/((F22+G22+H22+I22+J22+K22+L22)*7))*100 -> 185.71429 | V22: =C22+D22-T22 -> 0
B23: D | C23: 6 | D23: 6 | E23: =((($B$3*C23)+(12*D23))*$E$4)/7 -> 3.5357143 | F23: 3 | G23: 0 | H23: 1 | I23: 0 | J23: 0 | K23: 0 | M23: =(F23+G23+H23+L23)-E23 -> 0.46428571 | N23: =(((C23*4.5)+(12*D23))*$E$4)/((F23+G23+H23+I23+J23+K23+L23)*7)*100 -> 88.392857 | O23: 0 | P23: 3 | Q23: 3 | R23: 1 | S23: 5 | T23: =SUM(O23:S23) -> 12 | U23: =((((O23*1.5+(P23*3.5)+(Q23*5.5)+(R23*7.5)+(S23*12)))/3)/((F23+G23+H23+I23+J23+K23+L23)*7))*100 -> 112.5 | V23: =C23+D23-T23 -> 0
B24: E | C24: 6 | D24: 6 | E24: =((($B$3*C24)+(12*D24))*$E$4)/7 -> 3.5357143 | F24: 3 | G24: 0 | H24: 0 | I24: 0 | J24: 0 | K24: 0 | M24: =(F24+G24+H24+L24)-E24 -> -0.53571429 | N24: =(((C24*4.5)+(12*D24))*$E$4)/((F24+G24+H24+I24+J24+K24+L24)*7)*100 -> 117.85714 | O24: 0 | P24: 0 | Q24: 6 | R24: 1 | S24: 5 | T24: =SUM(O24:S24) -> 12 | U24: =((((O24*1.5+(P24*3.5)+(Q24*5.5)+(R24*7.5)+(S24*12)))/3)/((F24+G24+H24+I24+J24+K24+L24)*7))*100 -> 159.52381 | V24: =C24+D24-T24 -> 0
A25: 6 | B25: N | C25: 6 | D25: 6 | E25: =((($B$3*C25)+(12*D25))*$E$4)/7 -> 3.5357143 | F25: 3 | G25: 0 | H25: 0 | I25: 0 | J25: 0 | K25: 0 | M25: =(F25+G25+H25+L25)-E25 -> -0.53571429 | N25: =(((C25*4.5)+(12*D25))*$E$4)/((F25+G25+H25+I25+J25+K25+L25)*7)*100 -> 117.85714 | O25: 0 | P25: 0 | Q25: 6 | R25: 1 | S25: 5 | T25: =SUM(O25:S25) -> 12 | U25: =((((O25*1.5+(P25*3.5)+(Q25*5.5)+(R25*7.5)+(S25*12)))/3)/((F25+G25+H25+I25+J25+K25+L25)*7))*100 -> 159.52381 | V25: =C25+D25-T25 -> 0
B26: D | C26: 6 | D26: 7 | E26: =((($B$3*C26)+(12*D26))*$E$4)/7 -> 3.9642857 | F26: 3 | G26: 0 | H26: 1 | I26: 0 | J26: 0 | K26: 0 | M26: =(F26+G26+H26+L26)-E26 -> 0.035714286 | N26: =(((C26*4.5)+(12*D26))*$E$4)/((F26+G26+H26+I26+J26+K26+L26)*7)*100 -> 99.107143 | O26: 0 | P26: 2 | Q26: 4 | R26: 3 | S26: 4 | T26: =SUM(O26:S26) -> 13 | U26: =((((O26*1.5+(P26*3.5)+(Q26*5.5)+(R26*7.5)+(S26*12)))/3)/((F26+G26+H26+I26+J26+K26+L26)*7))*100 -> 118.45238 | V26: =C26+D26-T26 -> 0
B27: E | C27: 5 | D27: 6 | E27: =((($B$3*C27)+(12*D27))*$E$4)/7 -> 3.375 | F27: 3 | G27: 0 | H27: 0 | I27: 0 | J27: 0 | K27: 0 | M27: =(F27+G27+H27+L27)-E27 -> -0.375 | N27: =(((C27*4.5)+(12*D27))*$E$4)/((F27+G27+H27+I27+J27+K27+L27)*7)*100 -> 112.5 | O27: 0 | P27: 0 | Q27: 5 | R27: 2 | S27: 4 | T27: =SUM(O27:S27) -> 11 | U27: =((((O27*1.5+(P27*3.5)+(Q27*5.5)+(R27*7.5)+(S27*12)))/3)/((F27+G27+H27+I27+J27+K27+L27)*7))*100 -> 143.65079 | V27: =C27+D27-T27 -> 0
A28: 7 | B28: N | C28: 8 | D28: 7 | E28: =((($B$3*C28)+(12*D28))*$E$4)/7 -> 4.2857143 | F28: 3 | G28: 0 | H28: 0 | I28: 0 | J28: 0 | K28: 0 | M28: =(F28+G28+H28+L28)-E28 -> -1.2857143 | N28: =(((C28*4.5)+(12*D28))*$E$4)/((F28+G28+H28+I28+J28+K28+L28)*7)*100 -> 142.85714 | O28: 0 | P28: 0 | Q28: 7 | R28: 3 | S28: 5 | T28: =SUM(O28:S28) -> 15 | U28: =((((O28*1.5+(P28*3.5)+(Q28*5.5)+(R28*7.5)+(S28*12)))/3)/((F28+G28+H28+I28+J28+K28+L28)*7))*100 -> 192.06349 | V28: =C28+D28-T28 -> 0
B29: D | C29: 8 | D29: 7 | E29: =((($B$3*C29)+(12*D29))*$E$4)/7 -> 4.2857143 | F29: 3 | G29: 0 | H29: 1 | I29: 0 | J29: 0 | K29: 0 | M29: =(F29+G29+H29+L29)-E29 -> -0.28571429 | N29: =(((C29*4.5)+(12*D29))*$E$4)/((F29+G29+H29+I29+J29+K29+L29)*7)*100 -> 107.14286 | O29: 0 | P29: 1 | Q29: 5 | R29: 4 | S29: 5 | T29: =SUM(O29:S29) -> 15 | U29: =((((O29*1.5+(P29*3.5)+(Q29*5.5)+(R29*7.5)+(S29*12)))/3)/((F29+G29+H29+I29+J29+K29+L29)*7))*100 -> 144.04762 | V29: =C29+D29-T29 -> 0
B30: E | C30: 9 | D30: 7 | E30: =((($B$3*C30)+(12*D30))*$E$4)/7 -> 4.4464286 | F30: 3 | G30: 0 | H30: 0 | I30: 0 | J30: 0 | K30: 0 | M30: =(F30+G30+H30+L30)-E30 -> -1.4464286 | N30: =(((C30*4.5)+(12*D30))*$E$4)/((F30+G30+H30+I30+J30+K30+L30)*7)*100 -> 148.21429 | O30: 0 | P30: 0 | Q30: 7 | R30: 4 | S30: 5 | T30: =SUM(O30:S30) -> 16 | U30: =((((O30*1.5+(P30*3.5)+(Q30*5.5)+(R30*7.5)+(S30*12)))/3)/((F30+G30+H30+I30+J30+K30+L30)*7))*100 -> 203.96825 | V30: =C30+D30-T30 -> 0
A31: 8 | B31: N | C31: 9 | D31: 8 | E31: =((($B$3*C31)+(12*D31))*$E$4)/7 -> 4.875 | F31: 3 | G31: 0 | H31: 0 | I31: 0 | J31: 0 | K31: 0 | M31: =(F31+G31+H31+L31)-E31 -> -1.875 | N31: =(((C31*4.5)+(12*D31))*$E$4)/((F31+G31+H31+I31+J31+K31+L31)*7)*100 -> 162.5 | O31: 0 | P31: 0 | Q31: 6 | R31: 5 | S31: 6 | T31: =SUM(O31:S31) -> 17 | U31: =((((O31*1.5+(P31*3.5)+(Q31*5.5)+(R31*7.5)+(S31*12)))/3)/((F31+G31+H31+I31+J31+K31+L31)*7))*100 -> 226.19048 | V31: =C31+D31-T31 -> 0
B32: D | C32: 9 | D32: 8 | E32: =((($B$3*C32)+(12*D32))*$E$4)/7 -> 4.875 | F32: 3 | G32: 0 | H32: 0 | I32: 0 | J32: 0 | K32: 0 | M32: =(F32+G32+H32+L32)-E32 -> -1.875 | N32: =(((C32*4.5)+(12*D32))*$E$4)/((F32+G32+H32+I32+J32+K32+L32)*7)*100 -> 162.5 | O32: 0 | P32: 2 | Q32: 7 | R32: 2 | S32: 6 | T32: =SUM(O32:S32) -> 17 | U32: =((((O32*1.5+(P32*3.5)+(Q32*5.5)+(R32*7.5)+(S32*12)))/3)/((F32+G32+H32+I32+J32+K32+L32)*7))*100 -> 210.31746 | V32: =C32+D32-T32 -> 0
B33: E | C33: 7 | D33: 8 | E33: =((($B$3*C33)+(12*D33))*$E$4)/7 -> 4.5535714 | F33: 3 | G33: 0 | H33: 0 | I33: 0 | J33: 0 | K33: 0 | M33: =(F33+G33+H33+L33)-E33 -> -1.5535714 | N33: =(((C33*4.5)+(12*D33))*$E$4)/((F33+G33+H33+I33+J33+K33+L33)*7)*100 -> 151.78571 | O33: 0 | P33: 0 | Q33: 7 | R33: 2 | S33: 6 | T33: =SUM(O33:S33) -> 15 | U33: =((((O33*1.5+(P33*3.5)+(Q33*5.5)+(R33*7.5)+(S33*12)))/3)/((F33+G33+H33+I33+J33+K33+L33)*7))*100 -> 199.20635 | V33: =C33+D33-T33 -> 0
A34: 9 | B34: N | C34: 9 | D34: 8 | E34: =((($B$3*C34)+(12*D34))*$E$4)/7 -> 4.875 | F34: 3 | G34: 0 | H34: 0 | I34: 0 | J34: 0 | K34: 0 | M34: =(F34+G34+H34+L34)-E34 -> -1.875 | N34: =(((C34*4.5)+(12*D34))*$E$4)/((F34+G34+H34+I34+J34+K34+L34)*7)*100 -> 162.5 | O34: 0 | P34: 0 | Q34: 8 | R34: 3 | S34: 6 | T34: =SUM(O34:S34) -> 17 | U34: =((((O34*1.5+(P34*3.5)+(Q34*5.5)+(R34*7.5)+(S34*12)))/3)/((F34+G34+H34+I34+J34+K34+L34)*7))*100 -> 219.84127 | V34: =C34+D34-T34 -> 0
B35: D | C35: 9 | D35: 8 | E35: =((($B$3*C35)+(12*D35))*$E$4)/7 -> 4.875 | F35: 3 | G35: 0 | H35: 0 | I35: 0 | J35: 0 | K35: 0 | M35: =(F35+G35+H35+L35)-E35 -> -1.875 | N35: =(((C35*4.5)+(12*D35))*$E$4)/((F35+G35+H35+I35+J35+K35+L35)*7)*100 -> 162.5 | O35: 0 | P35: 0 | Q35: 8 | R35: 3 | S35: 6 | T35: =SUM(O35:S35) -> 17 | U35: =((((O35*1.5+(P35*3.5)+(Q35*5.5)+(R35*7.5)+(S35*12)))/3)/((F35+G35+H35+I35+J35+K35+L35)*7))*100 -> 219.84127 | V35: =C35+D35-T35 -> 0
B36: E | C36: 8 | D36: 8 | E36: =((($B$3*C36)+(12*D36))*$E$4)/7 -> 4.7142857 | F36: 3 | G36: 0 | H36: 0 | I36: 0 | J36: 0 | K36: 0 | M36: =(F36+G36+H36+L36)-E36 -> -1.7142857 | N36: =(((C36*4.5)+(12*D36))*$E$4)/((F36+G36+H36+I36+J36+K36+L36)*7)*100 -> 157.14286 | O36: 0 | P36: 0 | Q36: 8 | R36: 2 | S36: 6 | T36: =SUM(O36:S36) -> 16 | U36: =((((O36*1.5+(P36*3.5)+(Q36*5.5)+(R36*7.5)+(S36*12)))/3)/((F36+G36+H36+I36+J36+K36+L36)*7))*100 -> 207.93651 | V36: =C36+D36-T36 -> 0
A37: 10 | B37: N | C37: 8 | D37: 8 | E37: =((($B$3*C37)+(12*D37))*$E$4)/7 -> 4.7142857 | F37: 3 | G37: 0 | H37: 0 | I37: 0 | J37: 0 | K37: 0 | M37: =(F37+G37+H37+L37)-E37 -> -1.7142857 | N37: =(((C37*4.5)+(12*D37))*$E$4)/((F37+G37+H37+I37+J37+K37+L37)*7)*100 -> 157.14286 | O37: 0 | P37: 0 | Q37: 8 | R37: 2 | S37: 6 | T37: =SUM(O37:S37) -> 16 | U37: =((((O37*1.5+(P37*3.5)+(Q37*5.5)+(R37*7.5)+(S37*12)))/3)/((F37+G37+H37+I37+J37+K37+L37)*7))*100 -> 207.93651 | V37: =C37+D37-T37 -> 0
B38: D | C38: 6 | D38: 8 | E38: =((($B$3*C38)+(12*D38))*$E$4)/7 -> 4.3928571 | F38: 3 | G38: 0 | H38: 0 | I38: 1 | J38: 0 | K38: 0 | M38: =(F38+G38+H38+L38)-E38 -> -1.3928571 | N38: =(((C38*4.5)+(12*D38))*$E$4)/((F38+G38+H38+I38+J38+K38+L38)*7)*100 -> 109.82143 | O38: 0 | P38: 4 | Q38: 8 | R38: 0 | S38: 6 | T38: =SUM(O38:S38) -> 18 | U38: =((((O38*1.5+(P38*3.5)+(Q38*5.5)+(R38*7.5)+(S38*12)))/3)/((F38+G38+H38+I38+J38+K38+L38)*7))*100 -> 154.7619 | V38: =C38+D38-T38 -> -4
B39: E | C39: 8 | D39: 6 | E39: =((($B$3*C39)+(12*D39))*$E$4)/7 -> 3.8571429 | F39: 3 | G39: 0 | H39: 0 | I39: 0 | J39: 0 | K39: 0 | M39: =(F39+G39+H39+L39)-E39 -> -0.85714286 | N39: =(((C39*4.5)+(12*D39))*$E$4)/((F39+G39+H39+I39+J39+K39+L39)*7)*100 -> 128.57143 | O39: 0 | P39: 0 | Q39: 8 | R39: 2 | S39: 3 | T39: =SUM(O39:S39) -> 13 | U39: =((((O39*1.5+(P39*3.5)+(Q39*5.5)+(R39*7.5)+(S39*12)))/3)/((F39+G39+H39+I39+J39+K39+L39)*7))*100 -> 150.79365 | V39: =C39+D39-T39 -> 1
A40: 11 | B40: N | C40: 8 | D40: 7 | E40: =((($B$3*C40)+(12*D40))*$E$4)/7 -> 4.2857143 | F40: 3 | G40: 0 | H40: 0 | I40: 0 | J40: 0 | K40: 0 | M40: =(F40+G40+H40+L40)-E40 -> -1.2857143 | N40: =(((C40*4.5)+(12*D40))*$E$4)/((F40+G40+H40+I40+J40+K40+L40)*7)*100 -> 142.85714 | O40: 0 | P40: 0 | Q40: 8 | R40: 3 | S40: 4 | T40: =SUM(O40:S40) -> 15 | U40: =((((O40*1.5+(P40*3.5)+(Q40*5.5)+(R40*7.5)+(S40*12)))/3)/((F40+G40+H40+I40+J40+K40+L40)*7))*100 -> 181.74603 | V40: =C40+D40-T40 -> 0
B41: D | C41: 6 | D41: 7 | E41: =((($B$3*C41)+(12*D41))*$E$4)/7 -> 3.9642857 | F41: 3 | G41: 0 | H41: 0 | I41: 0 | J41: 0 | K41: 1 | M41: =(F41+G41+H41+L41)-E41 -> -0.96428571 | N41: =(((C41*4.5)+(12*D41))*$E$4)/((F41+G41+H41+I41+J41+K41+L41)*7)*100 -> 99.107143 | O41: 0 | P41: 2 | Q41: 4 | R41: 3 | S41: 4 | T41: =SUM(O41:S41) -> 13 | U41: =((((O41*1.5+(P41*3.5)+(Q41*5.5)+(R41*7.5)+(S41*12)))/3)/((F41+G41+H41+I41+J41+K41+L41)*7))*100 -> 118.45238 | V41: =C41+D41-T41 -> 0
B42: E | C42: 7 | D42: 7 | E42: =((($B$3*C42)+(12*D42))*$E$4)/7 -> 4.125 | F42: 1 | G42: 0 | H42: 0 | I42: 2 | J42: 0 | K42: 0 | M42: =(F42+G42+H42+L42)-E42 -> -3.125 | N42: =(((C42*4.5)+(12*D42))*$E$4)/((F42+G42+H42+I42+J42+K42+L42)*7)*100 -> 137.5 | O42: 0 | P42: 0 | Q42: 6 | R42: 4 | S42: 4 | T42: =SUM(O42:S42) -> 14 | U42: =((((O42*1.5+(P42*3.5)+(Q42*5.5)+(R42*7.5)+(S42*12)))/3)/((F42+G42+H42+I42+J42+K42+L42)*7))*100 -> 176.19048 | V42: =C42+D42-T42 -> 0
A43: 12 | B43: N | C43: 6 | D43: 7 | E43: =((($B$3*C43)+(12*D43))*$E$4)/7 -> 3.9642857 | F43: 3 | G43: 0 | H43: 0 | I43: 0 | J43: 0 | K43: 0 | M43: =(F43+G43+H43+L43)-E43 -> -0.96428571 | N43: =(((C43*4.5)+(12*D43))*$E$4)/((F43+G43+H43+I43+J43+K43+L43)*7)*100 -> 132.14286 | O43: 0 | P43: 0 | Q43: 6 | R43: 3 | S43: 4 | T43: =SUM(O43:S43) -> 13 | U43: =((((O43*1.5+(P43*3.5)+(Q43*5.5)+(R43*7.5)+(S43*12)))/3)/((F43+G43+H43+I43+J43+K43+L43)*7))*100 -> 164.28571 | V43: =C43+D43-T43 -> 0
B44: D | C44: 6 | D44: 7 | E44: =((($B$3*C44)+(12*D44))*$E$4)/7 -> 3.9642857 | F44: 2 | G44: 0 | H44: 0 | I44: 1 | J44: 0 | K44: 1 | M44: =(F44+G44+H44+L44)-E44 -> -1.9642857 | N44: =(((C44*4.5)+(12*D44))*$E$4)/((F44+G44+H44+I44+J44+K44+L44)*7)*100 -> 99.107143 | O44: 0 | P44: 1 | Q44: 5 | R44: 3 | S44: 4 | T44: =SUM(O44:S44) -> 13 | U44: =((((O44*1.5+(P44*3.5)+(Q44*5.5)+(R44*7.5)+(S44*12)))/3)/((F44+G44+H44+I44+J44+K44+L44)*7))*100 -> 120.83333 | V44: =C44+D44-T44 -> 0
B45: E | C45: 7 | D45: 7 | E45: =((($B$3*C45)+(12*D45))*$E$4)/7 -> 4.125 | F45: 2 | G45: 0 | H45: 0 | I45: 1 | J45: 0 | K45: 1 | M45: =(F45+G45+H45+L45)-E45 -> -2.125 | N45: =(((C45*4.5)+(12*D45))*$E$4)/((F45+G45+H45+I45+J45+K45+L45)*7)*100 -> 103.125 | O45: 0 | P45: 0 | Q45: 8 | R45: 1 | S45: 5 | T45: =SUM(O45:S45) -> 14 | U45: =((((O45*1.5+(P45*3.5)+(Q45*5.5)+(R45*7.5)+(S45*12)))/3)/((F45+G45+H45+I45+J45+K45+L45)*7))*100 -> 132.7381 | V45: =C45+D45-T45 -> 0
A46: 13 | B46: N | C46: 7 | D46: 7 | E46: =((($B$3*C46)+(12*D46))*$E$4)/7 -> 4.125 | F46: 3 | G46: 0 | H46: 0 | I46: 0 | J46: 0 | K46: 0 | M46: =(F46+G46+H46+L46)-E46 -> -1.125 | N46: =(((C46*4.5)+(12*D46))*$E$4)/((F46+G46+H46+I46+J46+K46+L46)*7)*100 -> 137.5 | O46: 0 | P46: 0 | Q46: 8 | R46: 1 | S46: 5 | T46: =SUM(O46:S46) -> 14 | U46: =((((O46*1.5+(P46*3.5)+(Q46*5.5)+(R46*7.5)+(S46*12)))/3)/((F46+G46+H46+I46+J46+K46+L46)*7))*100 -> 176.98413 | V46: =C46+D46-T46 -> 0
B47: D | C47: 6 | D47: 6 | E47: =((($B$3*C47)+(12*D47))*$E$4)/7 -> 3.5357143 | F47: 3 | G47: 0 | H47: 0 | I47: 0 | J47: 0 | K47: 1 | M47: =(F47+G47+H47+L47)-E47 -> -0.53571429 | N47: =(((C47*4.5)+(12*D47))*$E$4)/((F47+G47+H47+I47+J47+K47+L47)*7)*100 -> 88.392857 | O47: 0 | P47: 1 | Q47: 5 | R47: 1 | S47: 5 | T47: =SUM(O47:S47) -> 12 | U47: =((((O47*1.5+(P47*3.5)+(Q47*5.5)+(R47*7.5)+(S47*12)))/3)/((F47+G47+H47+I47+J47+K47+L47)*7))*100 -> 117.2619 | V47: =C47+D47-T47 -> 0
B48: E | C48: 6 | D48: 6 | E48: =((($B$3*C48)+(12*D48))*$E$4)/7 -> 3.5357143 | F48: 3 | G48: 0 | H48: 1 | I48: 0 | J48: 0 | K48: 0 | M48: =(F48+G48+H48+L48)-E48 -> 0.46428571 | N48: =(((C48*4.5)+(12*D48))*$E$4)/((F48+G48+H48+I48+J48+K48+L48)*7)*100 -> 88.392857 | O48: 0 | P48: 0 | Q48: 6 | R48: 2 | S48: 4 | T48: =SUM(O48:S48) -> 12 | U48: =((((O48*1.5+(P48*3.5)+(Q48*5.5)+(R48*7.5)+(S48*12)))/3)/((F48+G48+H48+I48+J48+K48+L48)*7))*100 -> 114.28571 | V48: =C48+D48-T48 -> 0
A49: 14 | B49: N | C49: 6 | D49: 6 | E49: =((($B$3*C49)+(12*D49))*$E$4)/7 -> 3.5357143 | F49: 3 | G49: 0 | H49: 0 | I49: 0 | J49: 0 | K49: 0 | M49: =(F49+G49+H49+L49)-E49 -> -0.53571429 | N49: =(((C49*4.5)+(12*D49))*$E$4)/((F49+G49+H49+I49+J49+K49+L49)*7)*100 -> 117.85714 | O49: 0 | P49: 0 | Q49: 6 | R49: 2 | S49: 4 | T49: =SUM(O49:S49) -> 12 | U49: =((((O49*1.5+(P49*3.5)+(Q49*5.5)+(R49*7.5)+(S49*12)))/3)/((F49+G49+H49+I49+J49+K49+L49)*7))*100 -> 152.38095 | V49: =C49+D49-T49 -> 0
B50: D | C50: 7 | D50: 7 | E50: =((($B$3*C50)+(12*D50))*$E$4)/7 -> 4.125 | F50: 2 | G50: 0 | H50: 0 | I50: 1 | J50: 0 | K50: 1 | M50: =(F50+G50+H50+L50)-E50 -> -2.125 | N50: =(((C50*4.5)+(12*D50))*$E$4)/((F50+G50+H50+I50+J50+K50+L50)*7)*100 -> 103.125 | O50: 0 | P50: 2 | Q50: 5 | R50: 2 | S50: 5 | T50: =SUM(O50:S50) -> 14 | U50: =((((O50*1.5+(P50*3.5)+(Q50*5.5)+(R50*7.5)+(S50*12)))/3)/((F50+G50+H50+I50+J50+K50+L50)*7))*100 -> 130.35714 | V50: =C50+D50-T50 -> 0
B51: E | C51: 5 | D51: 7 | E51: =((($B$3*C51)+(12*D51))*$E$4)/7 -> 3.8035714 | F51: 3 | G51: 0 | H51: 1 | I51: 0 | J51: 0 | K51: 0 | M51: =(F51+G51+H51+L51)-E51 -> 0.19642857 | N51: =(((C51*4.5)+(12*D51))*$E$4)/((F51+G51+H51+I51+J51+K51+L51)*7)*100 -> 95.089286 | O51: 0 | P51: 0 | Q51: 5 | R51: 4 | S51: 3 | T51: =SUM(O51:S51) -> 12 | U51: =((((O51*1.5+(P51*3.5)+(Q51*5.5)+(R51*7.5)+(S51*12)))/3)/((F51+G51+H51+I51+J51+K51+L51)*7))*100 -> 111.30952 | V51: =C51+D51-T51 -> 0
A52: 15 | B52: N | C52: 5 | D52: 7 | E52: =((($B$3*C52)+(12*D52))*$E$4)/7 -> 3.8035714 | F52: 3 | G52: 0 | H52: 0 | I52: 0 | J52: 0 | K52: 0 | M52: =(F52+G52+H52+L52)-E52 -> -0.80357143 | N52: =(((C52*4.5)+(12*D52))*$E$4)/((F52+G52+H52+I52+J52+K52+L52)*7)*100 -> 126.78571 | O52: 0 | P52: 0 | Q52: 5 | R52: 4 | S52: 3 | T52: =SUM(O52:S52) -> 12 | U52: =((((O52*1.5+(P52*3.5)+(Q52*5.5)+(R52*7.5)+(S52*12)))/3)/((F52+G52+H52+I52+J52+K52+L52)*7))*100 -> 148.4127 | V52: =C52+D52-T52 -> 0
B53: D | C53: 5 | D53: 7 | E53: =((($B$3*C53)+(12*D53))*$E$4)/7 -> 3.8035714 | F53: 3 | G53: 0 | H53: 0 | I53: 0 | J53: 0 | K53: 0 | M53: =(F53+G53+H53+L53)-E53 -> -0.80357143 | N53: =(((C53*4.5)+(12*D53))*$E$4)/((F53+G53+H53+I53+J53+K53+L53)*7)*100 -> 126.78571 | O53: 0 | P53: 0 | Q53: 6 | R53: 3 | S53: 3 | T53: =SUM(O53:S53) -> 12 | U53: =((((O53*1.5+(P53*3.5)+(Q53*5.5)+(R53*7.5)+(S53*12)))/3)/((F53+G53+H53+I53+J53+K53+L53)*7))*100 -> 145.2381 | V53: =C53+D53-T53 -> 0
B54: E | C54: 7 | D54: 5 | E54: =((($B$3*C54)+(12*D54))*$E$4)/7 -> 3.2678571 | F54: 3 | G54: 0 | H54: 1 | I54: 0 | J54: 0 | K54: 0 | M54: =(F54+G54+H54+L54)-E54 -> 0.73214286 | N54: =(((C54*4.5)+(12*D54))*$E$4)/((F54+G54+H54+I54+J54+K54+L54)*7)*100 -> 81.696429 | O54: 0 | P54: 0 | Q54: 7 | R54: 1 | S54: 4 | T54: =SUM(O54:S54) -> 12 | U54: =((((O54*1.5+(P54*3.5)+(Q54*5.5)+(R54*7.5)+(S54*12)))/3)/((F54+G54+H54+I54+J54+K54+L54)*7))*100 -> 111.90476 | V54: =C54+D54-T54 -> 0
A55: 16 | B55: N | C55: 7 | D55: 5 | E55: =((($B$3*C55)+(12*D55))*$E$4)/7 -> 3.2678571 | F55: 3 | G55: 0 | H55: 0 | I55: 0 | J55: 0 | K55: 0 | M55: =(F55+G55+H55+L55)-E55 -> -0.26785714 | N55: =(((C55*4.5)+(12*D55))*$E$4)/((F55+G55+H55+I55+J55+K55+L55)*7)*100 -> 108.92857 | O55: 0 | P55: 0 | Q55: 7 | R55: 1 | S55: 4 | T55: =SUM(O55:S55) -> 12 | U55: =((((O55*1.5+(P55*3.5)+(Q55*5.5)+(R55*7.5)+(S55*12)))/3)/((F55+G55+H55+I55+J55+K55+L55)*7))*100 -> 149.20635 | V55: =C55+D55-T55 -> 0
B56: D | C56: 8 | D56: 5 | E56: =((($B$3*C56)+(12*D56))*$E$4)/7 -> 3.4285714 | F56: 3 | G56: 0 | H56: 0 | I56: 0 | J56: 0 | K56: 0 | M56: =(F56+G56+H56+L56)-E56 -> -0.42857143 | N56: =(((C56*4.5)+(12*D56))*$E$4)/((F56+G56+H56+I56+J56+K56+L56)*7)*100 -> 114.28571 | O56: 0 | P56: 3 | Q56: 5 | R56: 1 | S56: 4 | T56: =SUM(O56:S56) -> 13 | U56: =((((O56*1.5+(P56*3.5)+(Q56*5.5)+(R56*7.5)+(S56*12)))/3)/((F56+G56+H56+I56+J56+K56+L56)*7))*100 -> 148.4127 | V56: =C56+D56-T56 -> 0
B57: E | C57: 5 | D57: 5 | E57: =((($B$3*C57)+(12*D57))*$E$4)/7 -> 2.9464286 | F57: 3 | G57: 0 | H57: 0 | I57: 0 | J57: 0 | K57: 0 | M57: =(F57+G57+H57+L57)-E57 -> 0.053571429 | N57: =(((C57*4.5)+(12*D57))*$E$4)/((F57+G57+H57+I57+J57+K57+L57)*7)*100 -> 98.214286 | O57: 0 | P57: 0 | Q57: 4 | R57: 4 | S57: 2 | T57: =SUM(O57:S57) -> 10 | U57: =((((O57*1.5+(P57*3.5)+(Q57*5.5)+(R57*7.5)+(S57*12)))/3)/((F57+G57+H57+I57+J57+K57+L57)*7))*100 -> 120.63492 | V57: =C57+D57-T57 -> 0
A58: 17 | B58: N | C58: 4 | D58: 5 | E58: =((($B$3*C58)+(12*D58))*$E$4)/7 -> 2.7857143 | F58: 3 | G58: 0 | H58: 0 | I58: 0 | J58: 0 | K58: 0 | M58: =(F58+G58+H58+L58)-E58 -> 0.21428571 | N58: =(((C58*4.5)+(12*D58))*$E$4)/((F58+G58+H58+I58+J58+K58+L58)*7)*100 -> 92.857143 | O58: 0 | P58: 0 | Q58: 4 | R58: 3 | S58: 2 | T58: =SUM(O58:S58) -> 9 | U58: =((((O58*1.5+(P58*3.5)+(Q58*5.5)+(R58*7.5)+(S58*12)))/3)/((F58+G58+H58+I58+J58+K58+L58)*7))*100 -> 108.73016 | V58: =C58+D58-T58 -> 0
B59: D | C59: 5 | D59: 4 | E59: =((($B$3*C59)+(12*D59))*$E$4)/7 -> 2.5178571 | F59: 3 | G59: 0 | H59: 1 | I59: 0 | J59: 0 | K59: 0 | M59: =(F59+G59+H59+L59)-E59 -> 1.4821429 | N59: =(((C59*4.5)+(12*D59))*$E$4)/((F59+G59+H59+I59+J59+K59+L59)*7)*100 -> 62.946429 | O59: 0 | P59: 0 | Q59: 5 | R59: 1 | S59: 2 | T59: =SUM(O59:S59) -> 8 | U59: =((((O59*1.5+(P59*3.5)+(Q59*5.5)+(R59*7.5)+(S59*12)))/3)/((F59+G59+H59+I59+J59+K59+L59)*7))*100 -> 70.238095 | V59: =C59+D59-T59 -> 1
B60: E | C60: 5 | D60: 4 | E60: =((($B$3*C60)+(12*D60))*$E$4)/7 -> 2.5178571 | F60: 2 | G60: 0 | H60: 1 | I60: 0 | J60: 0 | K60: 0 | M60: =(F60+G60+H60+L60)-E60 -> 0.48214286 | N60: =(((C60*4.5)+(12*D60))*$E$4)/((F60+G60+H60+I60+J60+K60+L60)*7)*100 -> 83.928571 | O60: 0 | P60: 0 | Q60: 6 | R60: 1 | S60: 2 | T60: =SUM(O60:S60) -> 9 | U60: =((((O60*1.5+(P60*3.5)+(Q60*5.5)+(R60*7.5)+(S60*12)))/3)/((F60+G60+H60+I60+J60+K60+L60)*7))*100 -> 102.38095 | V60: =C60+D60-T60 -> 0
A61: 18 | B61: N | C61: 5 | D61: 4 | E61: =((($B$3*C61)+(12*D61))*$E$4)/7 -> 2.5178571 | F61: 3 | G61: 0 | H61: 0 | I61: 0 | J61: 0 | K61: 0 | M61: =(F61+G61+H61+L61)-E61 -> 0.48214286 | N61: =(((C61*4.5)+(12*D61))*$E$4)/((F61+G61+H61+I61+J61+K61+L61)*7)*100 -> 83.928571 | O61: 0 | P61: 0 | Q61: 7 | R61: 0 | S61: 2 | T61: =SUM(O61:S61) -> 9 | U61: =((((O61*1.5+(P61*3.5)+(Q61*5.5)+(R61*7.5)+(S61*12)))/3)/((F61+G61+H61+I61+J61+K61+L61)*7))*100 -> 99.206349 | V61: =C61+D61-T61 -> 0
B62: D | C62: 5 | D62: 4 | E62: =((($B$3*C62)+(12*D62))*$E$4)/7 -> 2.5178571 | F62: 2 | G62: 0 | H62: 1 | I62: 1 | J62: 0 | K62: 0 | M62: =(F62+G62+H62+L62)-E62 -> 0.48214286 | N62: =(((C62*4.5)+(12*D62))*$E$4)/((F62+G62+H62+I62+J62+K62+L62)*7)*100 -> 62.946429 | O62: 0 | P62: 2 | Q62: 5 | R62: 0 | S62: 2 | T62: =SUM(O62:S62) -> 9 | U62: =((((O62*1.5+(P62*3.5)+(Q62*5.5)+(R62*7.5)+(S62*12)))/3)/((F62+G62+H62+I62+J62+K62+L62)*7))*100 -> 69.642857 | V62: =C62+D62-T62 -> 0
B63: E | C63: 4 | D63: 3 | E63: =((($B$3*C63)+(12*D63))*$E$4)/7 -> 1.9285714 | F63: 2 | G63: 0 | H63: 0 | I63: 0 | J63: 0 | K63: 1 | M63: =(F63+G63+H63+L63)-E63 -> 0.071428571 | N63: =(((C63*4.5)+(12*D63))*$E$4)/((F63+G63+H63+I63+J63+K63+L63)*7)*100 -> 64.285714 | O63: 0 | P63: 0 | Q63: 5 | R63: 0 | S63: 2 | T63: =SUM(O63:S63) -> 7 | U63: =((((O63*1.5+(P63*3.5)+(Q63*5.5)+(R63*7.5)+(S63*12)))/3)/((F63+G63+H63+I63+J63+K63+L63)*7))*100 -> 81.746032 | V63: =C63+D63-T63 -> 0
A64: 19 | B64: N | C64: 4 | D64: 5 | E64: =((($B$3*C64)+(12*D64))*$E$4)/7 -> 2.7857143 | F64: 1 | G64: 0 | H64: 0 | I64: 2 | J64: 0 | K64: 0 | M64: =(F64+G64+H64+L64)-E64 -> -1.7857143 | N64: =(((C64*4.5)+(12*D64))*$E$4)/((F64+G64+H64+I64+J64+K64+L64)*7)*100 -> 92.857143 | O64: 0 | P64: 0 | Q64: 5 | R64: 0 | S64: 4 | T64: =SUM(O64:S64) -> 9 | U64: =((((O64*1.5+(P64*3.5)+(Q64*5.5)+(R64*7.5)+(S64*12)))/3)/((F64+G64+H64+I64+J64+K64+L64)*7))*100 -> 119.84127 | V64: =C64+D64-T64 -> 0
B65: D | C65: 4 | D65: 5 | E65: =((($B$3*C65)+(12*D65))*$E$4)/7 -> 2.7857143 | F65: 4 | G65: 0 | H65: 0 | I65: 0 | J65: 0 | K65: 1 | M65: =(F65+G65+H65+L65)-E65 -> 1.2142857 | N65: =(((C65*4.5)+(12*D65))*$E$4)/((F65+G65+H65+I65+J65+K65+L65)*7)*100 -> 55.714286 | O65: 0 | P65: 1 | Q65: 4 | R65: 0 | S65: 4 | T65: =SUM(O65:S65) -> 9 | U65: =((((O65*1.5+(P65*3.5)+(Q65*5.5)+(R65*7.5)+(S65*12)))/3)/((F65+G65+H65+I65+J65+K65+L65)*7))*100 -> 70 | V65: =C65+D65-T65 -> 0
B66: E | C66: 3 | D66: 5 | E66: =((($B$3*C66)+(12*D66))*$E$4)/7 -> 2.625 | F66: 2 | G66: 0 | H66: 1 | I66: 1 | J66: 0 | K66: 0 | M66: =(F66+G66+H66+L66)-E66 -> 0.375 | N66: =(((C66*4.5)+(12*D66))*$E$4)/((F66+G66+H66+I66+J66+K66+L66)*7)*100 -> 65.625 | O66: 0 | P66: 0 | Q66: 4 | R66: 0 | S66: 4 | T66: =SUM(O66:S66) -> 8 | U66: =((((O66*1.5+(P66*3.5)+(Q66*5.5)+(R66*7.5)+(S66*12)))/3)/((F66+G66+H66+I66+J66+K66+L66)*7))*100 -> 83.333333 | V66: =C66+D66-T66 -> 0
A67: 20 | B67: N | C67: 3 | D67: 5 | E67: =((($B$3*C67)+(12*D67))*$E$4)/7 -> 2.625 | F67: 3 | G67: 0 | H67: 0 | I67: 0 | J67: 0 | K67: 0 | M67: =(F67+G67+H67+L67)-E67 -> 0.375 | N67: =(((C67*4.5)+(12*D67))*$E$4)/((F67+G67+H67+I67+J67+K67+L67)*7)*100 -> 87.5 | O67: 0 | P67: 0 | Q67: 4 | R67: 0 | S67: 4 | T67: =SUM(O67:S67) -> 8 | U67: =((((O67*1.5+(P67*3.5)+(Q67*5.5)+(R67*7.5)+(S67*12)))/3)/((F67+G67+H67+I67+J67+K67+L67)*7))*100 -> 111.11111 | V67: =C67+D67-T67 -> 0
B68: D | C68: 3 | D68: 5 | F68: 1 | G68: 0 | H68: 0 | I68: 2 | J68: 0 | K68: 1 | M68: =(F68+G68+H68+L68)-E68 -> 1 | N68: =(((C68*4.5)+(12*D68))*$E$4)/((F68+G68+H68+I68+J68+K68+L68)*7)*100 -> 65.625 | O68: 0 | P68: 0 | Q68: 4 | R68: 0 | S68: 4 | T68: =SUM(O68:S68) -> 8 | U68: =((((O68*1.5+(P68*3.5)+(Q68*5.5)+(R68*7.5)+(S68*12)))/3)/((F68+G68+H68+I68+J68+K68+L68)*7))*100 -> 83.333333 | V68: =C68+D68-T68 -> 0
B69: E | C69: 2 | D69: 5 | E69: =((($B$3*C69)+(12*D69))*$E$4)/7 -> 2.4642857 | F69: 2 | G69: 0 | H69: 0 | I69: 0 | J69: 0 | K69: 0 | M69: =(F69+G69+H69+L69)-E69 -> -0.46428571 | N69: =(((C69*4.5)+(12*D69))*$E$4)/((F69+G69+H69+I69+J69+K69+L69)*7)*100 -> 123.21429 | O69: 0 | P69: 0 | Q69: 3 | R69: 0 | S69: 4 | T69: =SUM(O69:S69) -> 7 | U69: =((((O69*1.5+(P69*3.5)+(Q69*5.5)+(R69*7.5)+(S69*12)))/3)/((F69+G69+H69+I69+J69+K69+L69)*7))*100 -> 153.57143 | V69: =C69+D69-T69 -> 0
A70: 21 | B70: N | C70: 3 | D70: 5 | E70: =((($B$3*C70)+(12*D70))*$E$4)/7 -> 2.625 | F70: 3 | G70: 0 | H70: 0 | I70: 0 | J70: 0 | K70: 0 | M70: =(F70+G70+H70+L70)-E70 -> 0.375 | N70: =(((C70*4.5)+(12*D70))*$E$4)/((F70+G70+H70+I70+J70+K70+L70)*7)*100 -> 87.5 | O70: 0 | P70: 0 | Q70: 4 | R70: 0 | S70: 4 | T70: =SUM(O70:S70) -> 8 | U70: =((((O70*1.5+(P70*3.5)+(Q70*5.5)+(R70*7.5)+(S70*12)))/3)/((F70+G70+H70+I70+J70+K70+L70)*7))*100 -> 111.11111 | V70: =C70+D70-T70 -> 0
B71: D | C71: 2 | D71: 5 | E71: =((($B$3*C71)+(12*D71))*$E$4)/7 -> 2.4642857 | F71: 3 | G71: 0 | H71: 1 | I71: 0 | J71: 0 | K71: 0 | M71: =(F71+G71+H71+L71)-E71 -> 1.5357143 | N71: =(((C71*4.5)+(12*D71))*$E$4)/((F71+G71+H71+I71+J71+K71+L71)*7)*100 -> 61.607143 | O71: 0 | P71: 2 | Q71: 1 | R71: 0 | S71: 4 | T71: =SUM(O71:S71) -> 7 | U71: =((((O71*1.5+(P71*3.5)+(Q71*5.5)+(R71*7.5)+(S71*12)))/3)/((F71+G71+H71+I71+J71+K71+L71)*7))*100 -> 72.02381 | V71: =C71+D71-T71 -> 0
B72: E | C72: 1 | D72: 4 | E72: =((($B$3*C72)+(12*D72))*$E$4)/7 -> 1.875 | F72: 3 | G72: 0 | H72: 1 | I72: 0 | J72: 0 | K72: 0 | M72: =(F72+G72+H72+L72)-E72 -> 2.125 | N72: =(((C72*4.5)+(12*D72))*$E$4)/((F72+G72+H72+I72+J72+K72+L72)*7)*100 -> 46.875 | O72: 0 | P72: 0 | Q72: 1 | R72: 0 | S72: 4 | T72: =SUM(O72:S72) -> 5 | U72: =((((O72*1.5+(P72*3.5)+(Q72*5.5)+(R72*7.5)+(S72*12)))/3)/((F72+G72+H72+I72+J72+K72+L72)*7))*100 -> 63.690476 | V72: =C72+D72-T72 -> 0
A73: 22 | B73: N | C73: 1 | D73: 4 | E73: =((($B$3*C73)+(12*D73))*$E$4)/7 -> 1.875 | F73: 3 | G73: 0 | H73: 0 | I73: 0 | J73: 0 | K73: 0 | M73: =(F73+G73+H73+L73)-E73 -> 1.125 | N73: =(((C73*4.5)+(12*D73))*$E$4)/((F73+G73+H73+I73+J73+K73+L73)*7)*100 -> 62.5 | O73: 0 | P73: 0 | Q73: 1 | R73: 0 | S73: 4 | T73: =SUM(O73:S73) -> 5 | U73: =((((O73*1.5+(P73*3.5)+(Q73*5.5)+(R73*7.5)+(S73*12)))/3)/((F73+G73+H73+I73+J73+K73+L73)*7))*100 -> 84.920635 | V73: =C73+D73-T73 -> 0
B74: D | C74: 1 | D74: 4 | E74: =((($B$3*C74)+(12*D74))*$E$4)/7 -> 1.875 | F74: 2 | G74: 0 | H74: 0 | I74: 1 | J74: 0 | K74: 0 | M74: =(F74+G74+H74+L74)-E74 -> 0.125 | N74: =(((C74*4.5)+(12*D74))*$E$4)/((F74+G74+H74+I74+J74+K74+L74)*7)*100 -> 62.5 | O74: 0 | P74: 0 | Q74: 1 | R74: 0 | S74: 4 | T74: =SUM(O74:S74) -> 5 | U74: =((((O74*1.5+(P74*3.5)+(Q74*5.5)+(R74*7.5)+(S74*12)))/3)/((F74+G74+H74+I74+J74+K74+L74)*7))*100 -> 84.920635 | V74: =C74+D74-T74 -> 0
B75: E | C75: 2 | D75: 4 | E75: =((($B$3*C75)+(12*D75))*$E$4)/7 -> 2.0357143 | F75: 2 | G75: 0 | H75: 1 | I75: 0 | J75: 0 | K75: 0 | M75: =(F75+G75+H75+L75)-E75 -> 0.96428571 | N75: =(((C75*4.5)+(12*D75))*$E$4)/((F75+G75+H75+I75+J75+K75+L75)*7)*100 -> 67.857143 | O75: 0 | P75: 0 | Q75: 2 | R75: 0 | S75: 4 | T75: =SUM(O75:S75) -> 6 | U75: =((((O75*1.5+(P75*3.5)+(Q75*5.5)+(R75*7.5)+(S75*12)))/3)/((F75+G75+H75+I75+J75+K75+L75)*7))*100 -> 93.650794 | V75: =C75+D75-T75 -> 0
A76: 23 | B76: N | C76: 2 | D76: 4 | E76: =((($B$3*C76)+(12*D76))*$E$4)/7 -> 2.0357143 | F76: 3 | G76: 0 | H76: 0 | I76: 0 | J76: 0 | K76: 0 | M76: =(F76+G76+H76+L76)-E76 -> 0.96428571 | N76: =(((C76*4.5)+(12*D76))*$E$4)/((F76+G76+H76+I76+J76+K76+L76)*7)*100 -> 67.857143 | O76: 0 | P76: 0 | Q76: 1 | R76: 1 | S76: 4 | T76: =SUM(O76:S76) -> 6 | U76: =((((O76*1.5+(P76*3.5)+(Q76*5.5)+(R76*7.5)+(S76*12)))/3)/((F76+G76+H76+I76+J76+K76+L76)*7))*100 -> 96.825397 | V76: =C76+D76-T76 -> 0
B77: D | C77: 3 | D77: 5 | E77: =((($B$3*C77)+(12*D77))*$E$4)/7 -> 2.625 | F77: 2 | G77: 0 | H77: 1 | I77: 1 | J77: 0 | K77: 0 | M77: =(F77+G77+H77+L77)-E77 -> 0.375 | N77: =(((C77*4.5)+(12*D77))*$E$4)/((F77+G77+H77+I77+J77+K77+L77)*7)*100 -> 65.625 | O77: 0 | P77: 0 | Q77: 2 | R77: 1 | S77: 5 | T77: =SUM(O77:S77) -> 8 | U77: =((((O77*1.5+(P77*3.5)+(Q77*5.5)+(R77*7.5)+(S77*12)))/3)/((F77+G77+H77+I77+J77+K77+L77)*7))*100 -> 93.452381 | V77: =C77+D77-T77 -> 0
B78: E | C78: 2 | D78: 6 | E78: =((($B$3*C78)+(12*D78))*$E$4)/7 -> 2.8928571 | F78: 3 | G78: 0 | H78: 0 | I78: 0 | J78: 0 | K78: 0 | M78: =(F78+G78+H78+L78)-E78 -> 0.10714286 | N78: =(((C78*4.5)+(12*D78))*$E$4)/((F78+G78+H78+I78+J78+K78+L78)*7)*100 -> 96.428571 | O78: 0 | P78: 0 | Q78: 1 | R78: 2 | S78: 5 | T78: =SUM(O78:S78) -> 8 | U78: =((((O78*1.5+(P78*3.5)+(Q78*5.5)+(R78*7.5)+(S78*12)))/3)/((F78+G78+H78+I78+J78+K78+L78)*7))*100 -> 127.77778 | V78: =C78+D78-T78 -> 0
A79: 24 | B79: N | C79: 2 | D79: 6 | E79: =((($B$3*C79)+(12*D79))*$E$4)/7 -> 2.8928571 | F79: 3 | G79: 0 | H79: 0 | I79: 0 | J79: 0 | K79: 0 | M79: =(F79+G79+H79+L79)-E79 -> 0.10714286 | N79: =(((C79*4.5)+(12*D79))*$E$4)/((F79+G79+H79+I79+J79+K79+L79)*7)*100 -> 96.428571 | O79: 0 | P79: 0 | Q79: 1 | R79: 2 | S79: 5 | T79: =SUM(O79:S79) -> 8 | U79: =((((O79*1.5+(P79*3.5)+(Q79*5.5)+(R79*7.5)+(S79*12)))/3)/((F79+G79+H79+I79+J79+K79+L79)*7))*100 -> 127.77778 | V79: =C79+D79-T79 -> 0
B80: D | C80: 2 | D80: 6 | E80: =((($B$3*C80)+(12*D80))*$E$4)/7 -> 2.8928571 | F80: 3 | G80: 0 | H80: 1 | I80: 1 | J80: 0 | K80: 0 | M80: =(F80+G80+H80+L80)-E80 -> 1.1071429 | N80: =(((C80*4.5)+(12*D80))*$E$4)/((F80+G80+H80+I80+J80+K80+L80)*7)*100 -> 57.857143 | O80: 0 | P80: 0 | Q80: 1 | R80: 2 | S80: 5 | T80: =SUM(O80:S80) -> 8 | U80: =((((O80*1.5+(P80*3.5)+(Q80*5.5)+(R80*7.5)+(S80*12)))/3)/((F80+G80+H80+I80+J80+K80+L80)*7))*100 -> 76.666667 | V80: =C80+D80-T80 -> 0
B81: E | C81: 3 | D81: 6 | E81: =((($B$3*C81)+(12*D81))*$E$4)/7 -> 3.0535714 | F81: 1 | G81: 0 | H81: 1 | I81: 2 | J81: 0 | K81: 0 | M81: =(F81+G81+H81+L81)-E81 -> -1.0535714 | N81: =(((C81*4.5)+(12*D81))*$E$4)/((F81+G81+H81+I81+J81+K81+L81)*7)*100 -> 76.339286 | O81: 0 | P81: 0 | Q81: 2 | R81: 2 | S81: 5 | T81: =SUM(O81:S81) -> 9 | U81: =((((O81*1.5+(P81*3.5)+(Q81*5.5)+(R81*7.5)+(S81*12)))/3)/((F81+G81+H81+I81+J81+K81+L81)*7))*100 -> 102.38095 | V81: =C81+D81-T81 -> 0
A82: 25 | B82: N | C82: 3 | D82: 6 | E82: =((($B$3*C82)+(12*D82))*$E$4)/7 -> 3.0535714 | F82: 3 | G82: 0 | H82: 0 | I82: 0 | J82: 0 | K82: 0 | M82: =(F82+G82+H82+L82)-E82 -> -0.053571429 | N82: =(((C82*4.5)+(12*D82))*$E$4)/((F82+G82+H82+I82+J82+K82+L82)*7)*100 -> 101.78571 | O82: 0 | P82: 0 | Q82: 2 | R82: 2 | S82: 5 | T82: =SUM(O82:S82) -> 9 | U82: =((((O82*1.5+(P82*3.5)+(Q82*5.5)+(R82*7.5)+(S82*12)))/3)/((F82+G82+H82+I82+J82+K82+L82)*7))*100 -> 136.50794 | V82: =C82+D82-T82 -> 0
B83: D | C83: 2 | D83: 6 | E83: =((($B$3*C83)+(12*D83))*$E$4)/7 -> 2.8928571 | F83: 3 | G83: 0 | H83: 1 | I83: 1 | J83: 0 | K83: 0 | M83: =(F83+G83+H83+L83)-E83 -> 1.1071429 | N83: =(((C83*4.5)+(12*D83))*$E$4)/((F83+G83+H83+I83+J83+K83+L83)*7)*100 -> 57.857143 | O83: 0 | P83: 0 | Q83: 2 | R83: 1 | S83: 5 | T83: =SUM(O83:S83) -> 8 | U83: =((((O83*1.5+(P83*3.5)+(Q83*5.5)+(R83*7.5)+(S83*12)))/3)/((F83+G83+H83+I83+J83+K83+L83)*7))*100 -> 74.761905 | V83: =C83+D83-T83 -> 0
B84: E | C84: 4 | D84: 6 | E84: =((($B$3*C84)+(12*D84))*$E$4)/7 -> 3.2142857 | F84: 3 | G84: 0 | H84: 1 | I84: 0 | J84: 0 | K84: 0 | M84: =(F84+G84+H84+L84)-E84 -> 0.78571429 | N84: =(((C84*4.5)+(12*D84))*$E$4)/((F84+G84+H84+I84+J84+K84+L84)*7)*100 -> 80.357143 | O84: 0 | P84: 0 | Q84: 5 | R84: 1 | S84: 4 | T84: =SUM(O84:S84) -> 10 | U84: =((((O84*1.5+(P84*3.5)+(Q84*5.5)+(R84*7.5)+(S84*12)))/3)/((F84+G84+H84+I84+J84+K84+L84)*7))*100 -> 98.809524 | V84: =C84+D84-T84 -> 0
A85: 26 | B85: N | C85: 2 | D85: 6 | E85: =((($B$3*C85)+(12*D85))*$E$4)/7 -> 2.8928571 | F85: 3 | G85: 0 | H85: 0 | I85: 0 | J85: 0 | K85: 0 | M85: =(F85+G85+H85+L85)-E85 -> 0.10714286 | N85: =(((C85*4.5)+(12*D85))*$E$4)/((F85+G85+H85+I85+J85+K85+L85)*7)*100 -> 96.428571 | O85: 0 | P85: 0 | Q85: 3 | R85: 1 | S85: 4 | T85: =SUM(O85:S85) -> 8 | U85: =((((O85*1.5+(P85*3.5)+(Q85*5.5)+(R85*7.5)+(S85*12)))/3)/((F85+G85+H85+I85+J85+K85+L85)*7))*100 -> 114.28571 | V85: =C85+D85-T85 -> 0
B86: D | C86: 6 | D86: 6 | E86: =((($B$3*C86)+(12*D86))*$E$4)/7 -> 3.5357143 | F86: 4 | G86: 0 | H86: 1 | I86: 0 | J86: 0 | K86: 0 | M86: =(F86+G86+H86+L86)-E86 -> 1.4642857 | N86: =(((C86*4.5)+(12*D86))*$E$4)/((F86+G86+H86+I86+J86+K86+L86)*7)*100 -> 70.714286 | O86: 0 | P86: 0 | Q86: 7 | R86: 1 | S86: 4 | T86: =SUM(O86:S86) -> 12 | U86: =((((O86*1.5+(P86*3.5)+(Q86*5.5)+(R86*7.5)+(S86*12)))/3)/((F86+G86+H86+I86+J86+K86+L86)*7))*100 -> 89.52381 | V86: =C86+D86-T86 -> 0
B87: E | C87: 5 | D87: 5 | E87: =((($B$3*C87)+(12*D87))*$E$4)/7 -> 2.9464286 | F87: 3 | G87: 0 | H87: 0 | I87: 0 | J87: 0 | K87: 0 | M87: =(F87+G87+H87+L87)-E87 -> 0.053571429 | N87: =(((C87*4.5)+(12*D87))*$E$4)/((F87+G87+H87+I87+J87+K87+L87)*7)*100 -> 98.214286 | O87: 0 | P87: 0 | Q87: 6 | R87: 1 | S87: 3 | T87: =SUM(O87:S87) -> 10 | U87: =((((O87*1.5+(P87*3.5)+(Q87*5.5)+(R87*7.5)+(S87*12)))/3)/((F87+G87+H87+I87+J87+K87+L87)*7))*100 -> 121.42857 | V87: =C87+D87-T87 -> 0
A88: 27 | B88: N | C88: 5 | D88: 5 | E88: =((($B$3*C88)+(12*D88))*$E$4)/7 -> 2.9464286 | F88: 3 | G88: 0 | H88: 0 | I88: 0 | J88: 0 | K88: 0 | M88: =(F88+G88+H88+L88)-E88 -> 0.053571429 | N88: =(((C88*4.5)+(12*D88))*$E$4)/((F88+G88+H88+I88+J88+K88+L88)*7)*100 -> 98.214286 | O88: 0 | P88: 0 | Q88: 6 | R88: 1 | S88: 3 | T88: =SUM(O88:S88) -> 10 | U88: =((((O88*1.5+(P88*3.5)+(Q88*5.5)+(R88*7.5)+(S88*12)))/3)/((F88+G88+H88+I88+J88+K88+L88)*7))*100 -> 121.42857 | V88: =C88+D88-T88 -> 0
B89: D | C89: 5 | D89: 5 | E89: =((($B$3*C89)+(12*D89))*$E$4)/7 -> 2.9464286 | F89: 3 | G89: 0 | H89: 1 | I89: 0 | J89: 0 | K89: 0 | M89: =(F89+G89+H89+L89)-E89 -> 1.0535714 | N89: =(((C89*4.5)+(12*D89))*$E$4)/((F89+G89+H89+I89+J89+K89+L89)*7)*100 -> 73.660714 | O89: 0 | P89: 1 | Q89: 5 | R89: 1 | S89: 3 | T89: =SUM(O89:S89) -> 10 | U89: =((((O89*1.5+(P89*3.5)+(Q89*5.5)+(R89*7.5)+(S89*12)))/3)/((F89+G89+H89+I89+J89+K89+L89)*7))*100 -> 88.690476 | V89: =C89+D89-T89 -> 0
B90: E | C90: 6 | D90: 5 | E90: =((($B$3*C90)+(12*D90))*$E$4)/7 -> 3.1071429 | F90: 3 | G90: 0 | H90: 1 | I90: 0 | J90: 0 | K90: 0 | M90: =(F90+G90+H90+L90)-E90 -> 0.89285714 | N90: =(((C90*4.5)+(12*D90))*$E$4)/((F90+G90+H90+I90+J90+K90+L90)*7)*100 -> 77.678571 | O90: 0 | P90: 0 | Q90: 7 | R90: 2 | S90: 2 | T90: =SUM(O90:S90) -> 11 | U90: =((((O90*1.5+(P90*3.5)+(Q90*5.5)+(R90*7.5)+(S90*12)))/3)/((F90+G90+H90+I90+J90+K90+L90)*7))*100 -> 92.261905 | V90: =C90+D90-T90 -> 0
A91: 28 | B91: N | C91: 6 | D91: 6 | E91: =((($B$3*C91)+(12*D91))*$E$4)/7 -> 3.5357143 | F91: 3 | G91: 0 | H91: 0 | I91: 0 | J91: 0 | K91: 0 | M91: =(F91+G91+H91+L91)-E91 -> -0.53571429 | N91: =(((C91*4.5)+(12*D91))*$E$4)/((F91+G91+H91+I91+J91+K91+L91)*7)*100 -> 117.85714 | O91: 0 | P91: 0 | Q91: 7 | R91: 2 | S91: 3 | T91: =SUM(O91:S91) -> 12 | U91: =((((O91*1.5+(P91*3.5)+(Q91*5.5)+(R91*7.5)+(S91*12)))/3)/((F91+G91+H91+I91+J91+K91+L91)*7))*100 -> 142.06349 | V91: =C91+D91-T91 -> 0
B92: D | C92: 6 | D92: 6 | E92: =((($B$3*C92)+(12*D92))*$E$4)/7 -> 3.5357143 | F92: 1 | G92: 0 | H92: 1 | I92: 2 | J92: 0 | K92: 0 | M92: =(F92+G92+H92+L92)-E92 -> -1.5357143 | N92: =(((C92*4.5)+(12*D92))*$E$4)/((F92+G92+H92+I92+J92+K92+L92)*7)*100 -> 88.392857 | O92: 0 | P92: 0 | Q92: 8 | R92: 1 | S92: 3 | T92: =SUM(O92:S92) -> 12 | U92: =((((O92*1.5+(P92*3.5)+(Q92*5.5)+(R92*7.5)+(S92*12)))/3)/((F92+G92+H92+I92+J92+K92+L92)*7))*100 -> 104.16667 | V92: =C92+D92-T92 -> 0
B93: E | C93: 7 | D93: 6 | E93: =((($B$3*C93)+(12*D93))*$E$4)/7 -> 3.6964286 | F93: 3 | G93: 0 | H93: 0 | I93: 0 | J93: 0 | K93: 0 | M93: =(F93+G93+H93+L93)-E93 -> -0.69642857 | N93: =(((C93*4.5)+(12*D93))*$E$4)/((F93+G93+H93+I93+J93+K93+L93)*7)*100 -> 123.21429 | O93: 0 | P93: 0 | Q93: 9 | R93: 1 | S93: 3 | T93: =SUM(O93:S93) -> 13 | U93: =((((O93*1.5+(P93*3.5)+(Q93*5.5)+(R93*7.5)+(S93*12)))/3)/((F93+G93+H93+I93+J93+K93+L93)*7))*100 -> 147.61905 | V93: =C93+D93-T93 -> 0
A94: 29 | B94: N | C94: 7 | D94: 6 | E94: =((($B$3*C94)+(12*D94))*$E$4)/7 -> 3.6964286 | F94: 3 | G94: 0 | H94: 0 | I94: 0 | J94: 0 | K94: 0 | M94: =(F94+G94+H94+L94)-E94 -> -0.69642857 | N94: =(((C94*4.5)+(12*D94))*$E$4)/((F94+G94+H94+I94+J94+K94+L94)*7)*100 -> 123.21429 | O94: 0 | P94: 0 | Q94: 9 | R94: 1 | S94: 3 | T94: =SUM(O94:S94) -> 13 | U94: =((((O94*1.5+(P94*3.5)+(Q94*5.5)+(R94*7.5)+(S94*12)))/3)/((F94+G94+H94+I94+J94+K94+L94)*7))*100 -> 147.61905 | V94: =C94+D94-T94 -> 0
B95: D | C95: 7 | D95: 6 | E95: =((($B$3*C95)+(12*D95))*$E$4)/7 -> 3.6964286 | F95: 1 | G95: 0 | H95: 1 | I95: 2 | J95: 0 | K95: 0 | M95: =(F95+G95+H95+L95)-E95 -> -1.6964286 | N95: =(((C95*4.5)+(12*D95))*$E$4)/((F95+G95+H95+I95+J95+K95+L95)*7)*100 -> 92.410714 | O95: 0 | P95: 0 | Q95: 9 | R95: 1 | S95: 3 | T95: =SUM(O95:S95) -> 13 | U95: =((((O95*1.5+(P95*3.5)+(Q95*5.5)+(R95*7.5)+(S95*12)))/3)/((F95+G95+H95+I95+J95+K95+L95)*7))*100 -> 110.71429 | V95: =C95+D95-T95 -> 0
B96: E | C96: 7 | D96: 6 | E96: =((($B$3*C96)+(12*D96))*$E$4)/7 -> 3.6964286 | F96: 2 | G96: 0 | H96: 1 | I96: 1 | J96: 0 | K96: 0 | M96: =(F96+G96+H96+L96)-E96 -> -0.69642857 | N96: =(((C96*4.5)+(12*D96))*$E$4)/((F96+G96+H96+I96+J96+K96+L96)*7)*100 -> 92.410714 | O96: 0 | P96: 0 | Q96: 9 | R96: 2 | S96: 2 | T96: =SUM(O96:S96) -> 13 | U96: =((((O96*1.5+(P96*3.5)+(Q96*5.5)+(R96*7.5)+(S96*12)))/3)/((F96+G96+H96+I96+J96+K96+L96)*7))*100 -> 105.35714 | V96: =C96+D96-T96 -> 0
A97: 30 | B97: N | C97: 8 | D97: 6 | E97: =((($B$3*C97)+(12*D97))*$E$4)/7 -> 3.8571429 | F97: 2 | G97: 0 | H97: 0 | I97: 1 | J97: 0 | K97: 0 | M97: =(F97+G97+H97+L97)-E97 -> -1.8571429 | N97: =(((C97*4.5)+(12*D97))*$E$4)/((F97+G97+H97+I97+J97+K97+L97)*7)*100 -> 128.57143 | O97: 0 | P97: 0 | Q97: 9 | R97: 3 | S97: 2 | T97: =SUM(O97:S97) -> 14 | U97: =((((O97*1.5+(P97*3.5)+(Q97*5.5)+(R97*7.5)+(S97*12)))/3)/((F97+G97+H97+I97+J97+K97+L97)*7))*100 -> 152.38095 | V97: =C97+D97-T97 -> 0
B98: D | C98: 10 | D98: 5 | E98: =((($B$3*C98)+(12*D98))*$E$4)/7 -> 3.75 | F98: 3 | G98: 0 | H98: 1 | I98: 0 | J98: 0 | K98: 0 | M98: =(F98+G98+H98+L98)-E98 -> 0.25 | N98: =(((C98*4.5)+(12*D98))*$E$4)/((F98+G98+H98+I98+J98+K98+L98)*7)*100 -> 93.75 | O98: 0 | P98: 4 | Q98: 6 | R98: 4 | S98: 2 | T98: =SUM(O98:S98) -> 16 | U98: =((((O98*1.5+(P98*3.5)+(Q98*5.5)+(R98*7.5)+(S98*12)))/3)/((F98+G98+H98+I98+J98+K98+L98)*7))*100 -> 120.2381 | V98: =C98+D98-T98 -> -1
B99: E | C99: 6 | D99: 5 | E99: =((($B$3*C99)+(12*D99))*$E$4)/7 -> 3.1071429 | F99: 3 | G99: 0 | H99: 0 | I99: 0 | J99: 0 | K99: 0 | M99: =(F99+G99+H99+L99)-E99 -> -0.10714286 | N99: =(((C99*4.5)+(12*D99))*$E$4)/((F99+G99+H99+I99+J99+K99+L99)*7)*100 -> 103.57143 | O99: 0 | P99: 0 | Q99: 7 | R99: 3 | S99: 1 | T99: =SUM(O99:S99) -> 11 | U99: =((((O99*1.5+(P99*3.5)+(Q99*5.5)+(R99*7.5)+(S99*12)))/3)/((F99+G99+H99+I99+J99+K99+L99)*7))*100 -> 115.87302 | V99: =C99+D99-T99 -> 0
A100: 31 | B100: N | C100: 6 | D100: 5 | E100: =((($B$3*C100)+(12*D100))*$E$4)/7 -> 3.1071429 | F100: 3 | G100: 0 | H100: 0 | I100: 0 | J100: 0 | K100: 0 | M100: =(F100+G100+H100+L100)-E100 -> -0.10714286 | N100: =(((C100*4.5)+(12*D100))*$E$4)/((F100+G100+H100+I100+J100+K100+L100)*7)*100 -> 103.57143 | O100: 0 | P100: 0 | Q100: 9 | R100: 1 | S100: 1 | T100: =SUM(O100:S100) -> 11 | U100: =((((O100*1.5+(P100*3.5)+(Q100*5.5)+(R100*7.5)+(S100*12)))/3)/((F100+G100+H100+I100+J100+K100+L100)*7))*100 -> 109.52381 | V100: =C100+D100-T100 -> 0
...

Sheet มค
A1: การคิด FTEรายวัน
A2: หอผู้ป่วย……...ประจำเดือน..............พ.ศ.................
A3: NN ผู้ป่วยต่อคน | B3: 4.5 | C3: สัดส่วนตามเวร | E3: N | I3: D | M3: E | O3: ค่าเวร | Q3: =((F103+F105)*240)+((G103+G105)*180) -> 1920 | S3: บาท
E4: 0.25 | I4: 0.4 | M4: 0.35 | O4: ค่าOT | Q4: =((I103+L103+I104+L104+I105+L105)*660)+((J103+J105+J104)*530) -> 660 | S4: บาท
A5: จำนวนพยาบาลมีจริงเดือนนี้ | E5: คน | F5: จำนวนวันราชการเดือนนี้ | N5: วัน
A6: จำนวนพยาบาลตามFTE | C6: =((C106*12)/(M5*7)+((D106*12)/(M5*7))) -> #DIV/0! | E6: คน | F6: ขาดเกิน | I6: =C5-C6 -> #DIV/0! | L6: คน | M6: product | N6: =((((C106*4.5)+(D106*12))/((F106+G106+H106+I106+J106+K106+L106)*7)))*100 -> 118.06723 | O6: product ตามประเภท | R6: =U106 -> 33.986928
A7: วันที่ | B7: เวร | C7: sick new born | D7: NICU | E7: FTE | F7: ขึ้นตามตารางเวร | L7: OT เสริม | M7: -ขาด/+เกิน | N7: product | O7: ประเภทผู้ป่วย | T7: รวม | U7: product ตามประเภท
F8: ไม่ใช่ OT | I8: OT | O8: 1 | P8: 2 | Q8: 3 | R8: 4 | S8: 5
F9: RN | G9: TN | H9: PN | I9: RN | J9: TN | K9: PN
A10: 1 | B10: N | C10: 6 | D10: 5 | E10: =((($B$3*C10)+(12*D10))*$E$4)/7 -> 3.1071429 | F10: 3 | G10: 0 | H10: 0 | I10: 0 | J10: 0 | K10: 0 | M10: =(F10+G10+H10+L10)-E10 -> -0.10714286 | N10: =(((C10*4.5)+(12*D10))*$E$4)/((F10+G10+H10+I10+J10+K10+L10)*7)*100 -> 103.57143 | O10: 0 | P10: 0 | Q10: 8 | R10: 2 | S10: 1 | T10: =SUM(O10:S10) -> 11 | U10: =((((O10*1.5+(P10*3.5)+(Q10*5.5)+(R10*7.5)+(S10*12)))/3)/((F10+G10+H10+I10+J10+K10+L10)*7))*100 -> 112.69841 | V10: =C10+D10-T10 -> 0
B11: D | C11: 6 | D11: 5 | E11: =((($B$3*C11)+(12*D11))*$E$4)/7 -> 3.1071429 | F11: 3 | K11: 1 | M11: =(F11+G11+H11+L11)-E11 -> -0.10714286 | N11: =(((C11*4.5)+(12*D11))*$E$4)/((F11+G11+H11+I11+J11+K11+L11)*7)*100 -> 77.678571 | O11: 0 | P11: 1 | Q11: 7 | R11: 2 | S11: 1 | T11: =SUM(O11:S11) -> 11 | U11: =((((O11*1.5+(P11*3.5)+(Q11*5.5)+(R11*7.5)+(S11*12)))/3)/((F11+G11+H11+I11+J11+K11+L11)*7))*100 -> 82.142857 | V11: =C11+D11-T11 -> 0
B12: E | C12: 7 | D12: 4 | E12: =((($B$3*C12)+(12*D12))*$E$4)/7 -> 2.8392857 | F12: 3 | G12: 0 | H12: 0 | I12: 0 | J12: 0 | K12: 0 | M12: =(F12+G12+H12+L12)-E12 -> 0.16071429 | N12: =(((C12*4.5)+(12*D12))*$E$4)/((F12+G12+H12+I12+J12+K12+L12)*7)*100 -> 94.642857 | O12: 0 | P12: 0 | Q12: 8 | R12: 2 | S12: 1 | T12: =SUM(O12:S12) -> 11 | U12: =((((O12*1.5+(P12*3.5)+(Q12*5.5)+(R12*7.5)+(S12*12)))/3)/((F12+G12+H12+I12+J12+K12+L12)*7))*100 -> 112.69841 | V12: =C12+D12-T12 -> 0
A13: 2 | B13: N | C13: 8 | D13: 4 | E13: =((($B$3*C13)+(12*D13))*$E$4)/7 -> 3 | F13: 2 | G13: 0 | H13: 0 | I13: 1 | J13: 0 | K13: 0 | M13: =(F13+G13+H13+L13)-E13 -> -1 | N13: =(((C13*4.5)+(12*D13))*$E$4)/((F13+G13+H13+I13+J13+K13+L13)*7)*100 -> 100 | O13: 0 | P13: 0 | Q13: 9 | R13: 2 | S13: 1 | T13: =SUM(O13:S13) -> 12 | U13: =((((O13*1.5+(P13*3.5)+(Q13*5.5)+(R13*7.5)+(S13*12)))/3)/((F13+G13+H13+I13+J13+K13+L13)*7))*100 -> 121.42857 | V13: =C13+D13-T13 -> 0
B14: D | C14: 8 | D14: 4 | E14: =((($B$3*C14)+(12*D14))*$E$4)/7 -> 3 | F14: 3 | G14: 0 | H14: 1 | I14: 0 | J14: 0 | K14: 0 | M14: =(F14+G14+H14+L14)-E14 -> 1 | N14: =(((C14*4.5)+(12*D14))*$E$4)/((F14+G14+H14+I14+J14+K14+L14)*7)*100 -> 75 | O14: 0 | P14: 0 | Q14: 9 | R14: 2 | S14: 1 | T14: =SUM(O14:S14) -> 12 | U14: =((((O14*1.5+(P14*3.5)+(Q14*5.5)+(R14*7.5)+(S14*12)))/3)/((F14+G14+H14+I14+J14+K14+L14)*7))*100 -> 91.071429 | V14: =C14+D14-T14 -> 0
B15: E | E15: =((($B$3*C15)+(12*D15))*$E$4)/7 -> 0 | M15: =(F15+G15+H15+L15)-E15 -> 0 | N15: =(((C15*4.5)+(12*D15))*$E$4)/((F15+G15+H15+I15+J15+K15+L15)*7)*100 -> #DIV/0! | T15: =SUM(O15:S15) -> 0 | U15: =((((O15*1.5+(P15*3.5)+(Q15*5.5)+(R15*7.5)+(S15*12)))/3)/((F15+G15+H15+I15+J15+K15+L15)*7))*100 -> #DIV/0! | V15: =C15+D15-T15 -> 0
A16: 3 | B16: N | E16: =((($B$3*C16)+(12*D16))*$E$4)/7 -> 0 | M16: =(F16+G16+H16+L16)-E16 -> 0 | N16: =(((C16*4.5)+(12*D16))*$E$4)/((F16+G16+H16+I16+J16+K16+L16)*7)*100 -> #DIV/0! | T16: =SUM(O16:S16) -> 0 | U16: =((((O16*1.5+(P16*3.5)+(Q16*5.5)+(R16*7.5)+(S16*12)))/3)/((F16+G16+H16+I16+J16+K16+L16)*7))*100 -> #DIV/0! | V16: =C16+D16-T16 -> 0
B17: D | E17: =((($B$3*C17)+(12*D17))*$E$4)/7 -> 0 | M17: =(F17+G17+H17+L17)-E17 -> 0 | N17: =(((C17*4.5)+(12*D17))*$E$4)/((F17+G17+H17+I17+J17+K17+L17)*7)*100 -> #DIV/0! | T17: =SUM(O17:S17) -> 0 | U17: =((((O17*1.5+(P17*3.5)+(Q17*5.5)+(R17*7.5)+(S17*12)))/3)/((F17+G17+H17+I17+J17+K17+L17)*7))*100 -> #DIV/0! | V17: =C17+D17-T17 -> 0
B18: E | E18: =((($B$3*C18)+(12*D18))*$E$4)/7 -> 0 | M18: =(F18+G18+H18+L18)-E18 -> 0 | N18: =(((C18*4.5)+(12*D18))*$E$4)/((F18+G18+H18+I18+J18+K18+L18)*7)*100 -> #DIV/0! | T18: =SUM(O18:S18) -> 0 | U18: =((((O18*1.5+(P18*3.5)+(Q18*5.5)+(R18*7.5)+(S18*12)))/3)/((F18+G18+H18+I18+J18+K18+L18)*7))*100 -> #DIV/0! | V18: =C18+D18-T18 -> 0
A19: 4 | B19: N | E19: =((($B$3*C19)+(12*D19))*$E$4)/7 -> 0 | M19: =(F19+G19+H19+L19)-E19 -> 0 | N19: =(((C19*4.5)+(12*D19))*$E$4)/((F19+G19+H19+I19+J19+K19+L19)*7)*100 -> #DIV/0! | T19: =SUM(O19:S19) -> 0 | U19: =((((O19*1.5+(P19*3.5)+(Q19*5.5)+(R19*7.5)+(S19*12)))/3)/((F19+G19+H19+I19+J19+K19+L19)*7))*100 -> #DIV/0! | V19: =C19+D19-T19 -> 0
B20: D | E20: =((($B$3*C20)+(12*D20))*$E$4)/7 -> 0 | M20: =(F20+G20+H20+L20)-E20 -> 0 | N20: =(((C20*4.5)+(12*D20))*$E$4)/((F20+G20+H20+I20+J20+K20+L20)*7)*100 -> #DIV/0! | T20: =SUM(O20:S20) -> 0 | U20: =((((O20*1.5+(P20*3.5)+(Q20*5.5)+(R20*7.5)+(S20*12)))/3)/((F20+G20+H20+I20+J20+K20+L20)*7))*100 -> #DIV/0! | V20: =C20+D20-T20 -> 0
B21: E | E21: =((($B$3*C21)+(12*D21))*$E$4)/7 -> 0 | M21: =(F21+G21+H21+L21)-E21 -> 0 | N21: =(((C21*4.5)+(12*D21))*$E$4)/((F21+G21+H21+I21+J21+K21+L21)*7)*100 -> #DIV/0! | T21: =SUM(O21:S21) -> 0 | U21: =((((O21*1.5+(P21*3.5)+(Q21*5.5)+(R21*7.5)+(S21*12)))/3)/((F21+G21+H21+I21+J21+K21+L21)*7))*100 -> #DIV/0! | V21: =C21+D21-T21 -> 0
A22: 5 | B22: N | E22: =((($B$3*C22)+(12*D22))*$E$4)/7 -> 0 | M22: =(F22+G22+H22+L22)-E22 -> 0 | N22: =(((C22*4.5)+(12*D22))*$E$4)/((F22+G22+H22+I22+J22+K22+L22)*7)*100 -> #DIV/0! | T22: =SUM(O22:S22) -> 0 | U22: =((((O22*1.5+(P22*3.5)+(Q22*5.5)+(R22*7.5)+(S22*12)))/3)/((F22+G22+H22+I22+J22+K22+L22)*7))*100 -> #DIV/0! | V22: =C22+D22-T22 -> 0
B23: D | E23: =((($B$3*C23)+(12*D23))*$E$4)/7 -> 0 | M23: =(F23+G23+H23+L23)-E23 -> 0 | N23: =(((C23*4.5)+(12*D23))*$E$4)/((F23+G23+H23+I23+J23+K23+L23)*7)*100 -> #DIV/0! | T23: =SUM(O23:S23) -> 0 | U23: =((((O23*1.5+(P23*3.5)+(Q23*5.5)+(R23*7.5)+(S23*12)))/3)/((F23+G23+H23+I23+J23+K23+L23)*7))*100 -> #DIV/0! | V23: =C23+D23-T23 -> 0
B24: E | E24: =((($B$3*C24)+(12*D24))*$E$4)/7 -> 0 | M24: =(F24+G24+H24+L24)-E24 -> 0 | N24: =(((C24*4.5)+(12*D24))*$E$4)/((F24+G24+H24+I24+J24+K24+L24)*7)*100 -> #DIV/0! | T24: =SUM(O24:S24) -> 0 | U24: =((((O24*1.5+(P24*3.5)+(Q24*5.5)+(R24*7.5)+(S24*12)))/3)/((F24+G24+H24+I24+J24+K24+L24)*7))*100 -> #DIV/0! | V24: =C24+D24-T24 -> 0
A25: 6 | B25: N | E25: =((($B$3*C25)+(12*D25))*$E$4)/7 -> 0 | M25: =(F25+G25+H25+L25)-E25 -> 0 | N25: =(((C25*4.5)+(12*D25))*$E$4)/((F25+G25+H25+I25+J25+K25+L25)*7)*100 -> #DIV/0! | T25: =SUM(O25:S25) -> 0 | U25: =((((O25*1.5+(P25*3.5)+(Q25*5.5)+(R25*7.5)+(S25*12)))/3)/((F25+G25+H25+I25+J25+K25+L25)*7))*100 -> #DIV/0! | V25: =C25+D25-T25 -> 0
B26: D | E26: =((($B$3*C26)+(12*D26))*$E$4)/7 -> 0 | M26: =(F26+G26+H26+L26)-E26 -> 0 | N26: =(((C26*4.5)+(12*D26))*$E$4)/((F26+G26+H26+I26+J26+K26+L26)*7)*100 -> #DIV/0! | T26: =SUM(O26:S26) -> 0 | U26: =((((O26*1.5+(P26*3.5)+(Q26*5.5)+(R26*7.5)+(S26*12)))/3)/((F26+G26+H26+I26+J26+K26+L26)*7))*100 -> #DIV/0! | V26: =C26+D26-T26 -> 0
B27: E | E27: =((($B$3*C27)+(12*D27))*$E$4)/7 -> 0 | M27: =(F27+G27+H27+L27)-E27 -> 0 | N27: =(((C27*4.5)+(12*D27))*$E$4)/((F27+G27+H27+I27+J27+K27+L27)*7)*100 -> #DIV/0! | T27: =SUM(O27:S27) -> 0 | U27: =((((O27*1.5+(P27*3.5)+(Q27*5.5)+(R27*7.5)+(S27*12)))/3)/((F27+G27+H27+I27+J27+K27+L27)*7))*100 -> #DIV/0! | V27: =C27+D27-T27 -> 0
A28: 7 | B28: N | E28: =((($B$3*C28)+(12*D28))*$E$4)/7 -> 0 | M28: =(F28+G28+H28+L28)-E28 -> 0 | N28: =(((C28*4.5)+(12*D28))*$E$4)/((F28+G28+H28+I28+J28+K28+L28)*7)*100 -> #DIV/0! | T28: =SUM(O28:S28) -> 0 | U28: =((((O28*1.5+(P28*3.5)+(Q28*5.5)+(R28*7.5)+(S28*12)))/3)/((F28+G28+H28+I28+J28+K28+L28)*7))*100 -> #DIV/0! | V28: =C28+D28-T28 -> 0
B29: D | E29: =((($B$3*C29)+(12*D29))*$E$4)/7 -> 0 | M29: =(F29+G29+H29+L29)-E29 -> 0 | N29: =(((C29*4.5)+(12*D29))*$E$4)/((F29+G29+H29+I29+J29+K29+L29)*7)*100 -> #DIV/0! | T29: =SUM(O29:S29) -> 0 | U29: =((((O29*1.5+(P29*3.5)+(Q29*5.5)+(R29*7.5)+(S29*12)))/3)/((F29+G29+H29+I29+J29+K29+L29)*7))*100 -> #DIV/0! | V29: =C29+D29-T29 -> 0
B30: E | E30: =((($B$3*C30)+(12*D30))*$E$4)/7 -> 0 | M30: =(F30+G30+H30+L30)-E30 -> 0 | N30: =(((C30*4.5)+(12*D30))*$E$4)/((F30+G30+H30+I30+J30+K30+L30)*7)*100 -> #DIV/0! | T30: =SUM(O30:S30) -> 0 | U30: =((((O30*1.5+(P30*3.5)+(Q30*5.5)+(R30*7.5)+(S30*12)))/3)/((F30+G30+H30+I30+J30+K30+L30)*7))*100 -> #DIV/0! | V30: =C30+D30-T30 -> 0
A31: 8 | B31: N | E31: =((($B$3*C31)+(12*D31))*$E$4)/7 -> 0 | M31: =(F31+G31+H31+L31)-E31 -> 0 | N31: =(((C31*4.5)+(12*D31))*$E$4)/((F31+G31+H31+I31+J31+K31+L31)*7)*100 -> #DIV/0! | T31: =SUM(O31:S31) -> 0 | U31: =((((O31*1.5+(P31*3.5)+(Q31*5.5)+(R31*7.5)+(S31*12)))/3)/((F31+G31+H31+I31+J31+K31+L31)*7))*100 -> #DIV/0! | V31: =C31+D31-T31 -> 0
B32: D | E32: =((($B$3*C32)+(12*D32))*$E$4)/7 -> 0 | M32: =(F32+G32+H32+L32)-E32 -> 0 | N32: =(((C32*4.5)+(12*D32))*$E$4)/((F32+G32+H32+I32+J32+K32+L32)*7)*100 -> #DIV/0! | T32: =SUM(O32:S32) -> 0 | U32: =((((O32*1.5+(P32*3.5)+(Q32*5.5)+(R32*7.5)+(S32*12)))/3)/((F32+G32+H32+I32+J32+K32+L32)*7))*100 -> #DIV/0! | V32: =C32+D32-T32 -> 0
B33: E | E33: =((($B$3*C33)+(12*D33))*$E$4)/7 -> 0 | M33: =(F33+G33+H33+L33)-E33 -> 0 | N33: =(((C33*4.5)+(12*D33))*$E$4)/((F33+G33+H33+I33+J33+K33+L33)*7)*100 -> #DIV/0! | T33: =SUM(O33:S33) -> 0 | U33: =((((O33*1.5+(P33*3.5)+(Q33*5.5)+(R33*7.5)+(S33*12)))/3)/((F33+G33+H33+I33+J33+K33+L33)*7))*100 -> #DIV/0! | V33: =C33+D33-T33 -> 0
A34: 9 | B34: N | E34: =((($B$3*C34)+(12*D34))*$E$4)/7 -> 0 | M34: =(F34+G34+H34+L34)-E34 -> 0 | N34: =(((C34*4.5)+(12*D34))*$E$4)/((F34+G34+H34+I34+J34+K34+L34)*7)*100 -> #DIV/0! | T34: =SUM(O34:S34) -> 0 | U34: =((((O34*1.5+(P34*3.5)+(Q34*5.5)+(R34*7.5)+(S34*12)))/3)/((F34+G34+H34+I34+J34+K34+L34)*7))*100 -> #DIV/0! | V34: =C34+D34-T34 -> 0
B35: D | E35: =((($B$3*C35)+(12*D35))*$E$4)/7 -> 0 | M35: =(F35+G35+H35+L35)-E35 -> 0 | N35: =(((C35*4.5)+(12*D35))*$E$4)/((F35+G35+H35+I35+J35+K35+L35)*7)*100 -> #DIV/0! | T35: =SUM(O35:S35) -> 0 | U35: =((((O35*1.5+(P35*3.5)+(Q35*5.5)+(R35*7.5)+(S35*12)))/3)/((F35+G35+H35+I35+J35+K35+L35)*7))*100 -> #DIV/0! | V35: =C35+D35-T35 -> 0
B36: E | E36: =((($B$3*C36)+(12*D36))*$E$4)/7 -> 0 | M36: =(F36+G36+H36+L36)-E36 -> 0 | N36: =(((C36*4.5)+(12*D36))*$E$4)/((F36+G36+H36+I36+J36+K36+L36)*7)*100 -> #DIV/0! | T36: =SUM(O36:S36) -> 0 | U36: =((((O36*1.5+(P36*3.5)+(Q36*5.5)+(R36*7.5)+(S36*12)))/3)/((F36+G36+H36+I36+J36+K36+L36)*7))*100 -> #DIV/0! | V36: =C36+D36-T36 -> 0
A37: 10 | B37: N | E37: =((($B$3*C37)+(12*D37))*$E$4)/7 -> 0 | M37: =(F37+G37+H37+L37)-E37 -> 0 | N37: =(((C37*4.5)+(12*D37))*$E$4)/((F37+G37+H37+I37+J37+K37+L37)*7)*100 -> #DIV/0! | T37: =SUM(O37:S37) -> 0 | U37: =((((O37*1.5+(P37*3.5)+(Q37*5.5)+(R37*7.5)+(S37*12)))/3)/((F37+G37+H37+I37+J37+K37+L37)*7))*100 -> #DIV/0! | V37: =C37+D37-T37 -> 0
B38: D | E38: =((($B$3*C38)+(12*D38))*$E$4)/7 -> 0 | M38: =(F38+G38+H38+L38)-E38 -> 0 | N38: =(((C38*4.5)+(12*D38))*$E$4)/((F38+G38+H38+I38+J38+K38+L38)*7)*100 -> #DIV/0! | T38: =SUM(O38:S38) -> 0 | U38: =((((O38*1.5+(P38*3.5)+(Q38*5.5)+(R38*7.5)+(S38*12)))/3)/((F38+G38+H38+I38+J38+K38+L38)*7))*100 -> #DIV/0! | V38: =C38+D38-T38 -> 0
B39: E | E39: =((($B$3*C39)+(12*D39))*$E$4)/7 -> 0 | M39: =(F39+G39+H39+L39)-E39 -> 0 | N39: =(((C39*4.5)+(12*D39))*$E$4)/((F39+G39+H39+I39+J39+K39+L39)*7)*100 -> #DIV/0! | T39: =SUM(O39:S39) -> 0 | U39: =((((O39*1.5+(P39*3.5)+(Q39*5.5)+(R39*7.5)+(S39*12)))/3)/((F39+G39+H39+I39+J39+K39+L39)*7))*100 -> #DIV/0! | V39: =C39+D39-T39 -> 0
A40: 11 | B40: N | E40: =((($B$3*C40)+(12*D40))*$E$4)/7 -> 0 | M40: =(F40+G40+H40+L40)-E40 -> 0 | N40: =(((C40*4.5)+(12*D40))*$E$4)/((F40+G40+H40+I40+J40+K40+L40)*7)*100 -> #DIV/0! | T40: =SUM(O40:S40) -> 0 | U40: =((((O40*1.5+(P40*3.5)+(Q40*5.5)+(R40*7.5)+(S40*12)))/3)/((F40+G40+H40+I40+J40+K40+L40)*7))*100 -> #DIV/0! | V40: =C40+D40-T40 -> 0
B41: D | E41: =((($B$3*C41)+(12*D41))*$E$4)/7 -> 0 | M41: =(F41+G41+H41+L41)-E41 -> 0 | N41: =(((C41*4.5)+(12*D41))*$E$4)/((F41+G41+H41+I41+J41+K41+L41)*7)*100 -> #DIV/0! | T41: =SUM(O41:S41) -> 0 | U41: =((((O41*1.5+(P41*3.5)+(Q41*5.5)+(R41*7.5)+(S41*12)))/3)/((F41+G41+H41+I41+J41+K41+L41)*7))*100 -> #DIV/0! | V41: =C41+D41-T41 -> 0
B42: E | E42: =((($B$3*C42)+(12*D42))*$E$4)/7 -> 0 | M42: =(F42+G42+H42+L42)-E42 -> 0 | N42: =(((C42*4.5)+(12*D42))*$E$4)/((F42+G42+H42+I42+J42+K42+L42)*7)*100 -> #DIV/0! | T42: =SUM(O42:S42) -> 0 | U42: =((((O42*1.5+(P42*3.5)+(Q42*5.5)+(R42*7.5)+(S42*12)))/3)/((F42+G42+H42+I42+J42+K42+L42)*7))*100 -> #DIV/0! | V42: =C42+D42-T42 -> 0
A43: 12 | B43: N | E43: =((($B$3*C43)+(12*D43))*$E$4)/7 -> 0 | M43: =(F43+G43+H43+L43)-E43 -> 0 | N43: =(((C43*4.5)+(12*D43))*$E$4)/((F43+G43+H43+I43+J43+K43+L43)*7)*100 -> #DIV/0! | T43: =SUM(O43:S43) -> 0 | U43: =((((O43*1.5+(P43*3.5)+(Q43*5.5)+(R43*7.5)+(S43*12)))/3)/((F43+G43+H43+I43+J43+K43+L43)*7))*100 -> #DIV/0! | V43: =C43+D43-T43 -> 0
B44: D | E44: =((($B$3*C44)+(12*D44))*$E$4)/7 -> 0 | M44: =(F44+G44+H44+L44)-E44 -> 0 | N44: =(((C44*4.5)+(12*D44))*$E$4)/((F44+G44+H44+I44+J44+K44+L44)*7)*100 -> #DIV/0! | T44: =SUM(O44:S44) -> 0 | U44: =((((O44*1.5+(P44*3.5)+(Q44*5.5)+(R44*7.5)+(S44*12)))/3)/((F44+G44+H44+I44+J44+K44+L44)*7))*100 -> #DIV/0! | V44: =C44+D44-T44 -> 0
B45: E | E45: =((($B$3*C45)+(12*D45))*$E$4)/7 -> 0 | M45: =(F45+G45+H45+L45)-E45 -> 0 | N45: =(((C45*4.5)+(12*D45))*$E$4)/((F45+G45+H45+I45+J45+K45+L45)*7)*100 -> #DIV/0! | T45: =SUM(O45:S45) -> 0 | U45: =((((O45*1.5+(P45*3.5)+(Q45*5.5)+(R45*7.5)+(S45*12)))/3)/((F45+G45+H45+I45+J45+K45+L45)*7))*100 -> #DIV/0! | V45: =C45+D45-T45 -> 0
A46: 13 | B46: N | E46: =((($B$3*C46)+(12*D46))*$E$4)/7 -> 0 | M46: =(F46+G46+H46+L46)-E46 -> 0 | N46: =(((C46*4.5)+(12*D46))*$E$4)/((F46+G46+H46+I46+J46+K46+L46)*7)*100 -> #DIV/0! | T46: =SUM(O46:S46) -> 0 | U46: =((((O46*1.5+(P46*3.5)+(Q46*5.5)+(R46*7.5)+(S46*12)))/3)/((F46+G46+H46+I46+J46+K46+L46)*7))*100 -> #DIV/0! | V46: =C46+D46-T46 -> 0
B47: D | E47: =((($B$3*C47)+(12*D47))*$E$4)/7 -> 0 | M47: =(F47+G47+H47+L47)-E47 -> 0 | N47: =(((C47*4.5)+(12*D47))*$E$4)/((F47+G47+H47+I47+J47+K47+L47)*7)*100 -> #DIV/0! | T47: =SUM(O47:S47) -> 0 | U47: =((((O47*1.5+(P47*3.5)+(Q47*5.5)+(R47*7.5)+(S47*12)))/3)/((F47+G47+H47+I47+J47+K47+L47)*7))*100 -> #DIV/0! | V47: =C47+D47-T47 -> 0
B48: E | E48: =((($B$3*C48)+(12*D48))*$E$4)/7 -> 0 | M48: =(F48+G48+H48+L48)-E48 -> 0 | N48: =(((C48*4.5)+(12*D48))*$E$4)/((F48+G48+H48+I48+J48+K48+L48)*7)*100 -> #DIV/0! | T48: =SUM(O48:S48) -> 0 | U48: =((((O48*1.5+(P48*3.5)+(Q48*5.5)+(R48*7.5)+(S48*12)))/3)/((F48+G48+H48+I48+J48+K48+L48)*7))*100 -> #DIV/0! | V48: =C48+D48-T48 -> 0
A49: 14 | B49: N | E49: =((($B$3*C49)+(12*D49))*$E$4)/7 -> 0 | M49: =(F49+G49+H49+L49)-E49 -> 0 | N49: =(((C49*4.5)+(12*D49))*$E$4)/((F49+G49+H49+I49+J49+K49+L49)*7)*100 -> #DIV/0! | T49: =SUM(O49:S49) -> 0 | U49: =((((O49*1.5+(P49*3.5)+(Q49*5.5)+(R49*7.5)+(S49*12)))/3)/((F49+G49+H49+I49+J49+K49+L49)*7))*100 -> #DIV/0! | V49: =C49+D49-T49 -> 0
B50: D | E50: =((($B$3*C50)+(12*D50))*$E$4)/7 -> 0 | M50: =(F50+G50+H50+L50)-E50 -> 0 | N50: =(((C50*4.5)+(12*D50))*$E$4)/((F50+G50+H50+I50+J50+K50+L50)*7)*100 -> #DIV/0! | T50: =SUM(O50:S50) -> 0 | U50: =((((O50*1.5+(P50*3.5)+(Q50*5.5)+(R50*7.5)+(S50*12)))/3)/((F50+G50+H50+I50+J50+K50+L50)*7))*100 -> #DIV/0! | V50: =C50+D50-T50 -> 0
B51: E | E51: =((($B$3*C51)+(12*D51))*$E$4)/7 -> 0 | M51: =(F51+G51+H51+L51)-E51 -> 0 | N51: =(((C51*4.5)+(12*D51))*$E$4)/((F51+G51+H51+I51+J51+K51+L51)*7)*100 -> #DIV/0! | T51: =SUM(O51:S51) -> 0 | U51: =((((O51*1.5+(P51*3.5)+(Q51*5.5)+(R51*7.5)+(S51*12)))/3)/((F51+G51+H51+I51+J51+K51+L51)*7))*100 -> #DIV/0! | V51: =C51+D51-T51 -> 0
A52: 15 | B52: N | E52: =((($B$3*C52)+(12*D52))*$E$4)/7 -> 0 | M52: =(F52+G52+H52+L52)-E52 -> 0 | N52: =(((C52*4.5)+(12*D52))*$E$4)/((F52+G52+H52+I52+J52+K52+L52)*7)*100 -> #DIV/0! | T52: =SUM(O52:S52) -> 0 | U52: =((((O52*1.5+(P52*3.5)+(Q52*5.5)+(R52*7.5)+(S52*12)))/3)/((F52+G52+H52+I52+J52+K52+L52)*7))*100 -> #DIV/0! | V52: =C52+D52-T52 -> 0
B53: D | E53: =((($B$3*C53)+(12*D53))*$E$4)/7 -> 0 | M53: =(F53+G53+H53+L53)-E53 -> 0 | N53: =(((C53*4.5)+(12*D53))*$E$4)/((F53+G53+H53+I53+J53+K53+L53)*7)*100 -> #DIV/0! | T53: =SUM(O53:S53) -> 0 | U53: =((((O53*1.5+(P53*3.5)+(Q53*5.5)+(R53*7.5)+(S53*12)))/3)/((F53+G53+H53+I53+J53+K53+L53)*7))*100 -> #DIV/0! | V53: =C53+D53-T53 -> 0
B54: E | E54: =((($B$3*C54)+(12*D54))*$E$4)/7 -> 0 | M54: =(F54+G54+H54+L54)-E54 -> 0 | N54: =(((C54*4.5)+(12*D54))*$E$4)/((F54+G54+H54+I54+J54+K54+L54)*7)*100 -> #DIV/0! | T54: =SUM(O54:S54) -> 0 | U54: =((((O54*1.5+(P54*3.5)+(Q54*5.5)+(R54*7.5)+(S54*12)))/3)/((F54+G54+H54+I54+J54+K54+L54)*7))*100 -> #DIV/0! | V54: =C54+D54-T54 -> 0
A55: 16 | B55: N | E55: =((($B$3*C55)+(12*D55))*$E$4)/7 -> 0 | M55: =(F55+G55+H55+L55)-E55 -> 0 | N55: =(((C55*4.5)+(12*D55))*$E$4)/((F55+G55+H55+I55+J55+K55+L55)*7)*100 -> #DIV/0! | T55: =SUM(O55:S55) -> 0 | U55: =((((O55*1.5+(P55*3.5)+(Q55*5.5)+(R55*7.5)+(S55*12)))/3)/((F55+G55+H55+I55+J55+K55+L55)*7))*100 -> #DIV/0! | V55: =C55+D55-T55 -> 0
B56: D | E56: =((($B$3*C56)+(12*D56))*$E$4)/7 -> 0 | M56: =(F56+G56+H56+L56)-E56 -> 0 | N56: =(((C56*4.5)+(12*D56))*$E$4)/((F56+G56+H56+I56+J56+K56+L56)*7)*100 -> #DIV/0! | T56: =SUM(O56:S56) -> 0 | U56: =((((O56*1.5+(P56*3.5)+(Q56*5.5)+(R56*7.5)+(S56*12)))/3)/((F56+G56+H56+I56+J56+K56+L56)*7))*100 -> #DIV/0! | V56: =C56+D56-T56 -> 0
B57: E | E57: =((($B$3*C57)+(12*D57))*$E$4)/7 -> 0 | M57: =(F57+G57+H57+L57)-E57 -> 0 | N57: =(((C57*4.5)+(12*D57))*$E$4)/((F57+G57+H57+I57+J57+K57+L57)*7)*100 -> #DIV/0! | T57: =SUM(O57:S57) -> 0 | U57: =((((O57*1.5+(P57*3.5)+(Q57*5.5)+(R57*7.5)+(S57*12)))/3)/((F57+G57+H57+I57+J57+K57+L57)*7))*100 -> #DIV/0! | V57: =C57+D57-T57 -> 0
A58: 17 | B58: N | E58: =((($B$3*C58)+(12*D58))*$E$4)/7 -> 0 | M58: =(F58+G58+H58+L58)-E58 -> 0 | N58: =(((C58*4.5)+(12*D58))*$E$4)/((F58+G58+H58+I58+J58+K58+L58)*7)*100 -> #DIV/0! | T58: =SUM(O58:S58) -> 0 | U58: =((((O58*1.5+(P58*3.5)+(Q58*5.5)+(R58*7.5)+(S58*12)))/3)/((F58+G58+H58+I58+J58+K58+L58)*7))*100 -> #DIV/0! | V58: =C58+D58-T58 -> 0
B59: D | E59: =((($B$3*C59)+(12*D59))*$E$4)/7 -> 0 | M59: =(F59+G59+H59+L59)-E59 -> 0 | N59: =(((C59*4.5)+(12*D59))*$E$4)/((F59+G59+H59+I59+J59+K59+L59)*7)*100 -> #DIV/0! | T59: =SUM(O59:S59) -> 0 | U59: =((((O59*1.5+(P59*3.5)+(Q59*5.5)+(R59*7.5)+(S59*12)))/3)/((F59+G59+H59+I59+J59+K59+L59)*7))*100 -> #DIV/0! | V59: =C59+D59-T59 -> 0
B60: E | E60: =((($B$3*C60)+(12*D60))*$E$4)/7 -> 0 | M60: =(F60+G60+H60+L60)-E60 -> 0 | N60: =(((C60*4.5)+(12*D60))*$E$4)/((F60+G60+H60+I60+J60+K60+L60)*7)*100 -> #DIV/0! | T60: =SUM(O60:S60) -> 0 | U60: =((((O60*1.5+(P60*3.5)+(Q60*5.5)+(R60*7.5)+(S60*12)))/3)/((F60+G60+H60+I60+J60+K60+L60)*7))*100 -> #DIV/0! | V60: =C60+D60-T60 -> 0
A61: 18 | B61: N | E61: =((($B$3*C61)+(12*D61))*$E$4)/7 -> 0 | M61: =(F61+G61+H61+L61)-E61 -> 0 | N61: =(((C61*4.5)+(12*D61))*$E$4)/((F61+G61+H61+I61+J61+K61+L61)*7)*100 -> #DIV/0! | T61: =SUM(O61:S61) -> 0 | U61: =((((O61*1.5+(P61*3.5)+(Q61*5.5)+(R61*7.5)+(S61*12)))/3)/((F61+G61+H61+I61+J61+K61+L61)*7))*100 -> #DIV/0! | V61: =C61+D61-T61 -> 0
B62: D | E62: =((($B$3*C62)+(12*D62))*$E$4)/7 -> 0 | M62: =(F62+G62+H62+L62)-E62 -> 0 | N62: =(((C62*4.5)+(12*D62))*$E$4)/((F62+G62+H62+I62+J62+K62+L62)*7)*100 -> #DIV/0! | T62: =SUM(O62:S62) -> 0 | U62: =((((O62*1.5+(P62*3.5)+(Q62*5.5)+(R62*7.5)+(S62*12)))/3)/((F62+G62+H62+I62+J62+K62+L62)*7))*100 -> #DIV/0! | V62: =C62+D62-T62 -> 0
B63: E | E63: =((($B$3*C63)+(12*D63))*$E$4)/7 -> 0 | M63: =(F63+G63+H63+L63)-E63 -> 0 | N63: =(((C63*4.5)+(12*D63))*$E$4)/((F63+G63+H63+I63+J63+K63+L63)*7)*100 -> #DIV/0! | T63: =SUM(O63:S63) -> 0 | U63: =((((O63*1.5+(P63*3.5)+(Q63*5.5)+(R63*7.5)+(S63*12)))/3)/((F63+G63+H63+I63+J63+K63+L63)*7))*100 -> #DIV/0! | V63: =C63+D63-T63 -> 0
A64: 19 | B64: N | E64: =((($B$3*C64)+(12*D64))*$E$4)/7 -> 0 | M64: =(F64+G64+H64+L64)-E64 -> 0 | N64: =(((C64*4.5)+(12*D64))*$E$4)/((F64+G64+H64+I64+J64+K64+L64)*7)*100 -> #DIV/0! | T64: =SUM(O64:S64) -> 0 | U64: =((((O64*1.5+(P64*3.5)+(Q64*5.5)+(R64*7.5)+(S64*12)))/3)/((F64+G64+H64+I64+J64+K64+L64)*7))*100 -> #DIV/0! | V64: =C64+D64-T64 -> 0
B65: D | E65: =((($B$3*C65)+(12*D65))*$E$4)/7 -> 0 | M65: =(F65+G65+H65+L65)-E65 -> 0 | N65: =(((C65*4.5)+(12*D65))*$E$4)/((F65+G65+H65+I65+J65+K65+L65)*7)*100 -> #DIV/0! | T65: =SUM(O65:S65) -> 0 | U65: =((((O65*1.5+(P65*3.5)+(Q65*5.5)+(R65*7.5)+(S65*12)))/3)/((F65+G65+H65+I65+J65+K65+L65)*7))*100 -> #DIV/0! | V65: =C65+D65-T65 -> 0
B66: E | E66: =((($B$3*C66)+(12*D66))*$E$4)/7 -> 0 | M66: =(F66+G66+H66+L66)-E66 -> 0 | N66: =(((C66*4.5)+(12*D66))*$E$4)/((F66+G66+H66+I66+J66+K66+L66)*7)*100 -> #DIV/0! | T66: =SUM(O66:S66) -> 0 | U66: =((((O66*1.5+(P66*3.5)+(Q66*5.5)+(R66*7.5)+(S66*12)))/3)/((F66+G66+H66+I66+J66+K66+L66)*7))*100 -> #DIV/0! | V66: =C66+D66-T66 -> 0
A67: 20 | B67: N | E67: =((($B$3*C67)+(12*D67))*$E$4)/7 -> 0 | M67: =(F67+G67+H67+L67)-E67 -> 0 | N67: =(((C67*4.5)+(12*D67))*$E$4)/((F67+G67+H67+I67+J67+K67+L67)*7)*100 -> #DIV/0! | T67: =SUM(O67:S67) -> 0 | U67: =((((O67*1.5+(P67*3.5)+(Q67*5.5)+(R67*7.5)+(S67*12)))/3)/((F67+G67+H67+I67+J67+K67+L67)*7))*100 -> #DIV/0! | V67: =C67+D67-T67 -> 0
B68: D | E68: =((($B$3*C68)+(12*D68))*$E$4)/7 -> 0 | M68: =(F68+G68+H68+L68)-E68 -> 0 | N68: =(((C68*4.5)+(12*D68))*$E$4)/((F68+G68+H68+I68+J68+K68+L68)*7)*100 -> #DIV/0! | T68: =SUM(O68:S68) -> 0 | U68: =((((O68*1.5+(P68*3.5)+(Q68*5.5)+(R68*7.5)+(S68*12)))/3)/((F68+G68+H68+I68+J68+K68+L68)*7))*100 -> #DIV/0! | V68: =C68+D68-T68 -> 0
B69: E | E69: =((($B$3*C69)+(12*D69))*$E$4)/7 -> 0 | M69: =(F69+G69+H69+L69)-E69 -> 0 | N69: =(((C69*4.5)+(12*D69))*$E$4)/((F69+G69+H69+I69+J69+K69+L69)*7)*100 -> #DIV/0! | T69: =SUM(O69:S69) -> 0 | U69: =((((O69*1.5+(P69*3.5)+(Q69*5.5)+(R69*7.5)+(S69*12)))/3)/((F69+G69+H69+I69+J69+K69+L69)*7))*100 -> #DIV/0! | V69: =C69+D69-T69 -> 0
A70: 21 | B70: N | E70: =((($B$3*C70)+(12*D70))*$E$4)/7 -> 0 | M70: =(F70+G70+H70+L70)-E70 -> 0 | N70: =(((C70*4.5)+(12*D70))*$E$4)/((F70+G70+H70+I70+J70+K70+L70)*7)*100 -> #DIV/0! | T70: =SUM(O70:S70) -> 0 | U70: =((((O70*1.5+(P70*3.5)+(Q70*5.5)+(R70*7.5)+(S70*12)))/3)/((F70+G70+H70+I70+J70+K70+L70)*7))*100 -> #DIV/0! | V70: =C70+D70-T70 -> 0
B71: D | E71: =((($B$3*C71)+(12*D71))*$E$4)/7 -> 0 | M71: =(F71+G71+H71+L71)-E71 -> 0 | N71: =(((C71*4.5)+(12*D71))*$E$4)/((F71+G71+H71+I71+J71+K71+L71)*7)*100 -> #DIV/0! | T71: =SUM(O71:S71) -> 0 | U71: =((((O71*1.5+(P71*3.5)+(Q71*5.5)+(R71*7.5)+(S71*12)))/3)/((F71+G71+H71+I71+J71+K71+L71)*7))*100 -> #DIV/0! | V71: =C71+D71-T71 -> 0
B72: E | E72: =((($B$3*C72)+(12*D72))*$E$4)/7 -> 0 | M72: =(F72+G72+H72+L72)-E72 -> 0 | N72: =(((C72*4.5)+(12*D72))*$E$4)/((F72+G72+H72+I72+J72+K72+L72)*7)*100 -> #DIV/0! | T72: =SUM(O72:S72) -> 0 | U72: =((((O72*1.5+(P72*3.5)+(Q72*5.5)+(R72*7.5)+(S72*12)))/3)/((F72+G72+H72+I72+J72+K72+L72)*7))*100 -> #DIV/0! | V72: =C72+D72-T72 -> 0
A73: 22 | B73: N | E73: =((($B$3*C73)+(12*D73))*$E$4)/7 -> 0 | M73: =(F73+G73+H73+L73)-E73 -> 0 | N73: =(((C73*4.5)+(12*D73))*$E$4)/((F73+G73+H73+I73+J73+K73+L73)*7)*100 -> #DIV/0! | T73: =SUM(O73:S73) -> 0 | U73: =((((O73*1.5+(P73*3.5)+(Q73*5.5)+(R73*7.5)+(S73*12)))/3)/((F73+G73+H73+I73+J73+K73+L73)*7))*100 -> #DIV/0! | V73: =C73+D73-T73 -> 0
B74: D | E74: =((($B$3*C74)+(12*D74))*$E$4)/7 -> 0 | M74: =(F74+G74+H74+L74)-E74 -> 0 | N74: =(((C74*4.5)+(12*D74))*$E$4)/((F74+G74+H74+I74+J74+K74+L74)*7)*100 -> #DIV/0! | T74: =SUM(O74:S74) -> 0 | U74: =((((O74*1.5+(P74*3.5)+(Q74*5.5)+(R74*7.5)+(S74*12)))/3)/((F74+G74+H74+I74+J74+K74+L74)*7))*100 -> #DIV/0! | V74: =C74+D74-T74 -> 0
B75: E | E75: =((($B$3*C75)+(12*D75))*$E$4)/7 -> 0 | M75: =(F75+G75+H75+L75)-E75 -> 0 | N75: =(((C75*4.5)+(12*D75))*$E$4)/((F75+G75+H75+I75+J75+K75+L75)*7)*100 -> #DIV/0! | T75: =SUM(O75:S75) -> 0 | U75: =((((O75*1.5+(P75*3.5)+(Q75*5.5)+(R75*7.5)+(S75*12)))/3)/((F75+G75+H75+I75+J75+K75+L75)*7))*100 -> #DIV/0! | V75: =C75+D75-T75 -> 0
A76: 23 | B76: N | E76: =((($B$3*C76)+(12*D76))*$E$4)/7 -> 0 | M76: =(F76+G76+H76+L76)-E76 -> 0 | N76: =(((C76*4.5)+(12*D76))*$E$4)/((F76+G76+H76+I76+J76+K76+L76)*7)*100 -> #DIV/0! | T76: =SUM(O76:S76) -> 0 | U76: =((((O76*1.5+(P76*3.5)+(Q76*5.5)+(R76*7.5)+(S76*12)))/3)/((F76+G76+H76+I76+J76+K76+L76)*7))*100 -> #DIV/0! | V76: =C76+D76-T76 -> 0
B77: D | E77: =((($B$3*C77)+(12*D77))*$E$4)/7 -> 0 | M77: =(F77+G77+H77+L77)-E77 -> 0 | N77: =(((C77*4.5)+(12*D77))*$E$4)/((F77+G77+H77+I77+J77+K77+L77)*7)*100 -> #DIV/0! | T77: =SUM(O77:S77) -> 0 | U77: =((((O77*1.5+(P77*3.5)+(Q77*5.5)+(R77*7.5)+(S77*12)))/3)/((F77+G77+H77+I77+J77+K77+L77)*7))*100 -> #DIV/0! | V77: =C77+D77-T77 -> 0
B78: E | E78: =((($B$3*C78)+(12*D78))*$E$4)/7 -> 0 | M78: =(F78+G78+H78+L78)-E78 -> 0 | N78: =(((C78*4.5)+(12*D78))*$E$4)/((F78+G78+H78+I78+J78+K78+L78)*7)*100 -> #DIV/0! | T78: =SUM(O78:S78) -> 0 | U78: =((((O78*1.5+(P78*3.5)+(Q78*5.5)+(R78*7.5)+(S78*12)))/3)/((F78+G78+H78+I78+J78+K78+L78)*7))*100 -> #DIV/0! | V78: =C78+D78-T78 -> 0
A79: 24 | B79: N | E79: =((($B$3*C79)+(12*D79))*$E$4)/7 -> 0 | M79: =(F79+G79+H79+L79)-E79 -> 0 | N79: =(((C79*4.5)+(12*D79))*$E$4)/((F79+G79+H79+I79+J79+K79+L79)*7)*100 -> #DIV/0! | T79: =SUM(O79:S79) -> 0 | U79: =((((O79*1.5+(P79*3.5)+(Q79*5.5)+(R79*7.5)+(S79*12)))/3)/((F79+G79+H79+I79+J79+K79+L79)*7))*100 -> #DIV/0! | V79: =C79+D79-T79 -> 0
B80: D | E80: =((($B$3*C80)+(12*D80))*$E$4)/7 -> 0 | M80: =(F80+G80+H80+L80)-E80 -> 0 | N80: =(((C80*4.5)+(12*D80))*$E$4)/((F80+G80+H80+I80+J80+K80+L80)*7)*100 -> #DIV/0! | T80: =SUM(O80:S80) -> 0 | U80: =((((O80*1.5+(P80*3.5)+(Q80*5.5)+(R80*7.5)+(S80*12)))/3)/((F80+G80+H80+I80+J80+K80+L80)*7))*100 -> #DIV/0! | V80: =C80+D80-T80 -> 0
B81: E | E81: =((($B$3*C81)+(12*D81))*$E$4)/7 -> 0 | M81: =(F81+G81+H81+L81)-E81 -> 0 | N81: =(((C81*4.5)+(12*D81))*$E$4)/((F81+G81+H81+I81+J81+K81+L81)*7)*100 -> #DIV/0! | T81: =SUM(O81:S81) -> 0 | U81: =((((O81*1.5+(P81*3.5)+(Q81*5.5)+(R81*7.5)+(S81*12)))/3)/((F81+G81+H81+I81+J81+K81+L81)*7))*100 -> #DIV/0! | V81: =C81+D81-T81 -> 0
A82: 25 | B82: N | E82: =((($B$3*C82)+(12*D82))*$E$4)/7 -> 0 | M82: =(F82+G82+H82+L82)-E82 -> 0 | N82: =(((C82*4.5)+(12*D82))*$E$4)/((F82+G82+H82+I82+J82+K82+L82)*7)*100 -> #DIV/0! | T82: =SUM(O82:S82) -> 0 | U82: =((((O82*1.5+(P82*3.5)+(Q82*5.5)+(R82*7.5)+(S82*12)))/3)/((F82+G82+H82+I82+J82+K82+L82)*7))*100 -> #DIV/0! | V82: =C82+D82-T82 -> 0
B83: D | E83: =((($B$3*C83)+(12*D83))*$E$4)/7 -> 0 | M83: =(F83+G83+H83+L83)-E83 -> 0 | N83: =(((C83*4.5)+(12*D83))*$E$4)/((F83+G83+H83+I83+J83+K83+L83)*7)*100 -> #DIV/0! | T83: =SUM(O83:S83) -> 0 | U83: =((((O83*1.5+(P83*3.5)+(Q83*5.5)+(R83*7.5)+(S83*12)))/3)/((F83+G83+H83+I83+J83+K83+L83)*7))*100 -> #DIV/0! | V83: =C83+D83-T83 -> 0
B84: E | E84: =((($B$3*C84)+(12*D84))*$E$4)/7 -> 0 | M84: =(F84+G84+H84+L84)-E84 -> 0 | N84: =(((C84*4.5)+(12*D84))*$E$4)/((F84+G84+H84+I84+J84+K84+L84)*7)*100 -> #DIV/0! | T84: =SUM(O84:S84) -> 0 | U84: =((((O84*1.5+(P84*3.5)+(Q84*5.5)+(R84*7.5)+(S84*12)))/3)/((F84+G84+H84+I84+J84+K84+L84)*7))*100 -> #DIV/0! | V84: =C84+D84-T84 -> 0
A85: 26 | B85: N | E85: =((($B$3*C85)+(12*D85))*$E$4)/7 -> 0 | M85: =(F85+G85+H85+L85)-E85 -> 0 | N85: =(((C85*4.5)+(12*D85))*$E$4)/((F85+G85+H85+I85+J85+K85+L85)*7)*100 -> #DIV/0! | T85: =SUM(O85:S85) -> 0 | U85: =((((O85*1.5+(P85*3.5)+(Q85*5.5)+(R85*7.5)+(S85*12)))/3)/((F85+G85+H85+I85+J85+K85+L85)*7))*100 -> #DIV/0! | V85: =C85+D85-T85 -> 0
B86: D | E86: =((($B$3*C86)+(12*D86))*$E$4)/7 -> 0 | M86: =(F86+G86+H86+L86)-E86 -> 0 | N86: =(((C86*4.5)+(12*D86))*$E$4)/((F86+G86+H86+I86+J86+K86+L86)*7)*100 -> #DIV/0! | T86: =SUM(O86:S86) -> 0 | U86: =((((O86*1.5+(P86*3.5)+(Q86*5.5)+(R86*7.5)+(S86*12)))/3)/((F86+G86+H86+I86+J86+K86+L86)*7))*100 -> #DIV/0! | V86: =C86+D86-T86 -> 0
B87: E | E87: =((($B$3*C87)+(12*D87))*$E$4)/7 -> 0 | M87: =(F87+G87+H87+L87)-E87 -> 0 | N87: =(((C87*4.5)+(12*D87))*$E$4)/((F87+G87+H87+I87+J87+K87+L87)*7)*100 -> #DIV/0! | T87: =SUM(O87:S87) -> 0 | U87: =((((O87*1.5+(P87*3.5)+(Q87*5.5)+(R87*7.5)+(S87*12)))/3)/((F87+G87+H87+I87+J87+K87+L87)*7))*100 -> #DIV/0! | V87: =C87+D87-T87 -> 0
A88: 27 | B88: N | E88: =((($B$3*C88)+(12*D88))*$E$4)/7 -> 0 | M88: =(F88+G88+H88+L88)-E88 -> 0 | N88: =(((C88*4.5)+(12*D88))*$E$4)/((F88+G88+H88+I88+J88+K88+L88)*7)*100 -> #DIV/0! | T88: =SUM(O88:S88) -> 0 | U88: =((((O88*1.5+(P88*3.5)+(Q88*5.5)+(R88*7.5)+(S88*12)))/3)/((F88+G88+H88+I88+J88+K88+L88)*7))*100 -> #DIV/0! | V88: =C88+D88-T88 -> 0
B89: D | E89: =((($B$3*C89)+(12*D89))*$E$4)/7 -> 0 | M89: =(F89+G89+H89+L89)-E89 -> 0 | N89: =(((C89*4.5)+(12*D89))*$E$4)/((F89+G89+H89+I89+J89+K89+L89)*7)*100 -> #DIV/0! | T89: =SUM(O89:S89) -> 0 | U89: =((((O89*1.5+(P89*3.5)+(Q89*5.5)+(R89*7.5)+(S89*12)))/3)/((F89+G89+H89+I89+J89+K89+L89)*7))*100 -> #DIV/0! | V89: =C89+D89-T89 -> 0
B90: E | E90: =((($B$3*C90)+(12*D90))*$E$4)/7 -> 0 | M90: =(F90+G90+H90+L90)-E90 -> 0 | N90: =(((C90*4.5)+(12*D90))*$E$4)/((F90+G90+H90+I90+J90+K90+L90)*7)*100 -> #DIV/0! | T90: =SUM(O90:S90) -> 0 | U90: =((((O90*1.5+(P90*3.5)+(Q90*5.5)+(R90*7.5)+(S90*12)))/3)/((F90+G90+H90+I90+J90+K90+L90)*7))*100 -> #DIV/0! | V90: =C90+D90-T90 -> 0
A91: 28 | B91: N | E91: =((($B$3*C91)+(12*D91))*$E$4)/7 -> 0 | M91: =(F91+G91+H91+L91)-E91 -> 0 | N91: =(((C91*4.5)+(12*D91))*$E$4)/((F91+G91+H91+I91+J91+K91+L91)*7)*100 -> #DIV/0! | T91: =SUM(O91:S91) -> 0 | U91: =((((O91*1.5+(P91*3.5)+(Q91*5.5)+(R91*7.5)+(S91*12)))/3)/((F91+G91+H91+I91+J91+K91+L91)*7))*100 -> #DIV/0! | V91: =C91+D91-T91 -> 0
B92: D | E92: =((($B$3*C92)+(12*D92))*$E$4)/7 -> 0 | M92: =(F92+G92+H92+L92)-E92 -> 0 | N92: =(((C92*4.5)+(12*D92))*$E$4)/((F92+G92+H92+I92+J92+K92+L92)*7)*100 -> #DIV/0! | T92: =SUM(O92:S92) -> 0 | U92: =((((O92*1.5+(P92*3.5)+(Q92*5.5)+(R92*7.5)+(S92*12)))/3)/((F92+G92+H92+I92+J92+K92+L92)*7))*100 -> #DIV/0! | V92: =C92+D92-T92 -> 0
B93: E | E93: =((($B$3*C93)+(12*D93))*$E$4)/7 -> 0 | M93: =(F93+G93+H93+L93)-E93 -> 0 | N93: =(((C93*4.5)+(12*D93))*$E$4)/((F93+G93+H93+I93+J93+K93+L93)*7)*100 -> #DIV/0! | T93: =SUM(O93:S93) -> 0 | U93: =((((O93*1.5+(P93*3.5)+(Q93*5.5)+(R93*7.5)+(S93*12)))/3)/((F93+G93+H93+I93+J93+K93+L93)*7))*100 -> #DIV/0! | V93: =C93+D93-T93 -> 0
A94: 29 | B94: N | E94: =((($B$3*C94)+(12*D94))*$E$4)/7 -> 0 | M94: =(F94+G94+H94+L94)-E94 -> 0 | N94: =(((C94*4.5)+(12*D94))*$E$4)/((F94+G94+H94+I94+J94+K94+L94)*7)*100 -> #DIV/0! | T94: =SUM(O94:S94) -> 0 | U94: =((((O94*1.5+(P94*3.5)+(Q94*5.5)+(R94*7.5)+(S94*12)))/3)/((F94+G94+H94+I94+J94+K94+L94)*7))*100 -> #DIV/0! | V94: =C94+D94-T94 -> 0
B95: D | E95: =((($B$3*C95)+(12*D95))*$E$4)/7 -> 0 | M95: =(F95+G95+H95+L95)-E95 -> 0 | N95: =(((C95*4.5)+(12*D95))*$E$4)/((F95+G95+H95+I95+J95+K95+L95)*7)*100 -> #DIV/0! | T95: =SUM(O95:S95) -> 0 | U95: =((((O95*1.5+(P95*3.5)+(Q95*5.5)+(R95*7.5)+(S95*12)))/3)/((F95+G95+H95+I95+J95+K95+L95)*7))*100 -> #DIV/0! | V95: =C95+D95-T95 -> 0
B96: E | E96: =((($B$3*C96)+(12*D96))*$E$4)/7 -> 0 | M96: =(F96+G96+H96+L96)-E96 -> 0 | N96: =(((C96*4.5)+(12*D96))*$E$4)/((F96+G96+H96+I96+J96+K96+L96)*7)*100 -> #DIV/0! | T96: =SUM(O96:S96) -> 0 | U96: =((((O96*1.5+(P96*3.5)+(Q96*5.5)+(R96*7.5)+(S96*12)))/3)/((F96+G96+H96+I96+J96+K96+L96)*7))*100 -> #DIV/0! | V96: =C96+D96-T96 -> 0
A97: 30 | B97: N | E97: =((($B$3*C97)+(12*D97))*$E$4)/7 -> 0 | M97: =(F97+G97+H97+L97)-E97 -> 0 | N97: =(((C97*4.5)+(12*D97))*$E$4)/((F97+G97+H97+I97+J97+K97+L97)*7)*100 -> #DIV/0! | T97: =SUM(O97:S97) -> 0 | U97: =((((O97*1.5+(P97*3.5)+(Q97*5.5)+(R97*7.5)+(S97*12)))/3)/((F97+G97+H97+I97+J97+K97+L97)*7))*100 -> #DIV/0! | V97: =C97+D97-T97 -> 0
B98: D | E98: =((($B$3*C98)+(12*D98))*$E$4)/7 -> 0 | M98: =(F98+G98+H98+L98)-E98 -> 0 | N98: =(((C98*4.5)+(12*D98))*$E$4)/((F98+G98+H98+I98+J98+K98+L98)*7)*100 -> #DIV/0! | T98: =SUM(O98:S98) -> 0 | U98: =((((O98*1.5+(P98*3.5)+(Q98*5.5)+(R98*7.5)+(S98*12)))/3)/((F98+G98+H98+I98+J98+K98+L98)*7))*100 -> #DIV/0! | V98: =C98+D98-T98 -> 0
B99: E | E99: =((($B$3*C99)+(12*D99))*$E$4)/7 -> 0 | M99: =(F99+G99+H99+L99)-E99 -> 0 | N99: =(((C99*4.5)+(12*D99))*$E$4)/((F99+G99+H99+I99+J99+K99+L99)*7)*100 -> #DIV/0! | T99: =SUM(O99:S99) -> 0 | U99: =((((O99*1.5+(P99*3.5)+(Q99*5.5)+(R99*7.5)+(S99*12)))/3)/((F99+G99+H99+I99+J99+K99+L99)*7))*100 -> #DIV/0! | V99: =C99+D99-T99 -> 0
A100: 31 | B100: N | E100: =((($B$3*C100)+(12*D100))*$E$4)/7 -> 0 | M100: =(F100+G100+H100+L100)-E100 -> 0 | N100: =(((C100*4.5)+(12*D100))*$E$4)/((F100+G100+H100+I100+J100+K100+L100)*7)*100 -> #DIV/0! | T100: =SUM(O100:S100) -> 0 | U100: =((((O100*1.5+(P100*3.5)+(Q100*5.5)+(R100*7.5)+(S100*12)))/3)/((F100+G100+H100+I100+J100+K100+L100)*7))*100 -> #DIV/0! | V100: =C100+D100-T100 -> 0
...

Sheet กพ
A1: การคิด FTEรายวัน
A2: หอผู้ป่วย……...ประจำเดือน..............พ.ศ.................
A3: NN ผู้ป่วยต่อคน | B3: 4.5 | C3: สัดส่วนตามเวร | E3: N | I3: D | M3: E | O3: ค่าเวร | Q3: =((F103+F105)*240)+((G103+G105)*180) -> 0 | S3: บาท
E4: 0.25 | I4: 0.4 | M4: 0.35 | O4: ค่าOT | Q4: =((I103+L103+I104+L104+I105+L105)*660)+((J103+J105+J104)*530) -> 0 | S4: บาท
A5: จำนวนพยาบาลมีจริงเดือนนี้ | E5: คน | F5: จำนวนวันราชการเดือนนี้ | N5: วัน
A6: จำนวนพยาบาลตามFTE | C6: =((C106*12)/(M5*7)+((D106*12)/(M5*7))) -> #DIV/0! | E6: คน | F6: ขาดเกิน | I6: =C5-C6 -> #DIV/0! | L6: คน | M6: product | N6: =((((C106*4.5)+(D106*12))/((F106+G106+H106+I106+J106+K106+L106)*7)))*100 -> #DIV/0! | O6: product ตามประเภท | R6: =U106 -> #DIV/0!
A7: วันที่ | B7: เวร | C7: sick new born | D7: NICU | E7: FTE | F7: ขึ้นตามตารางเวร | L7: OT เสริม | M7: -ขาด/+เกิน | N7: product | O7: ประเภทผู้ป่วย | T7: รวม | U7: product ตามประเภท
F8: ไม่ใช่ OT | I8: OT | O8: 1 | P8: 2 | Q8: 3 | R8: 4 | S8: 5
F9: RN | G9: TN | H9: PN | I9: RN | J9: TN | K9: PN
A10: 1 | B10: N | E10: =((($B$3*C10)+(12*D10))*$E$4)/7 -> 0 | M10: =(F10+G10+H10+L10)-E10 -> 0 | N10: =(((C10*4.5)+(12*D10))*$E$4)/((F10+G10+H10+I10+J10+K10+L10)*7)*100 -> #DIV/0! | T10: =SUM(O10:S10) -> 0 | U10: =((((O10*1.5+(P10*3.5)+(Q10*5.5)+(R10*7.5)+(S10*12)))/3)/((F10+G10+H10+I10+J10+K10+L10)*7))*100 -> #DIV/0! | V10: =C10+D10-T10 -> 0
B11: D | E11: =((($B$3*C11)+(12*D11))*$E$4)/7 -> 0 | M11: =(F11+G11+H11+L11)-E11 -> 0 | N11: =(((C11*4.5)+(12*D11))*$E$4)/((F11+G11+H11+I11+J11+K11+L11)*7)*100 -> #DIV/0! | T11: =SUM(O11:S11) -> 0 | U11: =((((O11*1.5+(P11*3.5)+(Q11*5.5)+(R11*7.5)+(S11*12)))/3)/((F11+G11+H11+I11+J11+K11+L11)*7))*100 -> #DIV/0! | V11: =C11+D11-T11 -> 0
B12: E | E12: =((($B$3*C12)+(12*D12))*$E$4)/7 -> 0 | M12: =(F12+G12+H12+L12)-E12 -> 0 | N12: =(((C12*4.5)+(12*D12))*$E$4)/((F12+G12+H12+I12+J12+K12+L12)*7)*100 -> #DIV/0! | T12: =SUM(O12:S12) -> 0 | U12: =((((O12*1.5+(P12*3.5)+(Q12*5.5)+(R12*7.5)+(S12*12)))/3)/((F12+G12+H12+I12+J12+K12+L12)*7))*100 -> #DIV/0! | V12: =C12+D12-T12 -> 0
